id,accn,date,desc,gene,spec,orga,clas,taxo,host,refn,refp,refc,refx,refg,refa,reft,refl,text,xdb,ft,exist,kw,seqh,seq
A0A7C4TKR3_9EURY Unreviewed; 81 AA.,A0A7C4TKR3;,,SubName: Full=ATPase ;,ORFNames=ENV11_03020 ;,Archaeoglobus sp.,,Archaea; Euryarchaeota; Archaeoglobi; Archaeoglobales; Archaeoglobaceae; Archaeoglobus; unclassified Archaeoglobus.,,,,NUCLEOTIDE SEQUENCE.,STRAIN=SpSt-73 ;,,,Zhou Z.; Liu Y.; Xu W.; Pan J.; Luo Z.H.; Li M.;,"Genome- and Community-Level Interaction Insights into Carbon Utilization and Element Cycling Functions of Hydrothermarchaeota in Hydrothermal Sediment.";,,-!- SUBCELLULAR LOCATION: Membrane .,,TRANSMEM 12..33 /note="Helical" /evidence="ECO:0000256|SAM:Phobius" TRANSMEM 53..80 /note="Helical" /evidence="ECO:0000256|SAM:Phobius" DOMAIN 18..77 /note="ATP-synt_C" /evidence="ECO:0000259|Pfam:PF00137",4: Predicted;,Membrane .,SEQUENCE 81 AA; 7930 MW,MVEALISDEAFIKGCAAIGAGLAVGLAGIGAGAGESGIGAAAVGAIAEDRGFLGLGLLFTVIPETIVIFGLVISFILMFAY
Q51760_9EURY Unreviewed; 226 AA.,Q51760; Q7LX17;,,SubName: Full=Glutaredoxin-like protein ;,,Pyrococcus furiosus.,,Archaea; Euryarchaeota; Thermococci; Thermococcales; Thermococcaceae; Pyrococcus.,,,,NUCLEOTIDE SEQUENCE. X-RAY CRYSTALLOGRAPHY (1.90 ANGSTROMS); AND DISULFIDE BONDS. NUCLEOTIDE SEQUENCE.,STRAIN=DSM3638 ;,,,Guagliardi A.; de Pascale D.; Cannio R.; Nobile V.; Bartolucci S.; Rossi M.; Ren B.; Tibbelin G.; de Pascale D.; Rossi M.; Bartolucci S.; Ladenstein R.; Kanai A.; Oida H.; Hasegawa A.; Doi H.;,"The purification; cloning; and high level expression of a glutaredoxin- like protein from the hyperthermophilic archaeon Pyrococcus furiosus."; "A protein disulfide oxidoreductase from the archaeon Pyrococcus furiosus contains two thioredoxin fold units."; "Glutaredoxin-like protein gene region.";,,-!- SIMILARITY: Belongs to the glutaredoxin family. .,,DOMAIN 14..132 /note="Glutaredoxin" /evidence="ECO:0000259|PROSITE:PS51354" DOMAIN 126..226 /note="Glutaredoxin" /evidence="ECO:0000259|PROSITE:PS51354" METAL 15 /note="Zinc" /evidence="ECO:0000213|PDB:1A8L" METAL 102 /note="Zinc; via pros nitrogen" /evidence="ECO:0000213|PDB:1A8L" DISULFID 35..38 /evidence="ECO:0000213|PDB:1A8L" DISULFID 146..149 /evidence="ECO:0000213|PDB:1A8L",1: Evidence at protein level;,3D-structure .,SEQUENCE 226 AA; 25781 MW,MGLISDADKKVIKEEFFSKMVNPVKLIVFVRKDHCQYCDQLKQLVQELSELTDKLSYEIVDFDTPEGKELAKRYRIDRAPATTITQDGKDFGVRYFGLPAGHEFAAFLEDIVDVSREETNLMDETKQAIRNIDQDVRILVFVTPTCPYCPLAVRMAHKFAIENTKAGKGKILGDMVEAIEYPEWADQYNVMAVPKIVIQVNGEDRVEFEGAYPEKMFLEKLLSALS
A0A7C3Z3T6_9ARCH Unreviewed; 32 AA.,A0A7C3Z3T6;,,SubName: Full=DUF2080 family transposase-associated protein ; Flags: Fragment;,ORFNames=ENX28_01450 ;,Candidatus Micrarchaeota archaeon.,,Archaea; Candidatus Micrarchaeota.,,,,NUCLEOTIDE SEQUENCE.,STRAIN=SpSt-925 ;,,,Zhou Z.; Liu Y.; Xu W.; Pan J.; Luo Z.H.; Li M.;,"Genome- and Community-Level Interaction Insights into Carbon Utilization and Element Cycling Functions of Hydrothermarchaeota in Hydrothermal Sediment.";,, .,,NON_TER 1 /evidence="ECO:0000313|EMBL:HGF49799.1",4: Predicted;,,SEQUENCE 32 AA; 3679 MW,YERTITPFGNSAKLDAPKKYIGHRAYVIIVKE
Q51723_9EURY Unreviewed; 472 AA.,Q51723; Q7LX20;,,SubName: Full=Beta-galactosidase ;,Name=celB ;,Pyrococcus furiosus.,,Archaea; Euryarchaeota; Thermococci; Thermococcales; Thermococcaceae; Pyrococcus.,,,,NUCLEOTIDE SEQUENCE. NUCLEOTIDE SEQUENCE. NUCLEOTIDE SEQUENCE. X-RAY CRYSTALLOGRAPHY (2.35 ANGSTROMS) OF 2-472. NUCLEOTIDE SEQUENCE. X-RAY CRYSTALLOGRAPHY (1.70 ANGSTROMS) OF 2-472. X-RAY CRYSTALLOGRAPHY (2.81 ANGSTROMS) OF 2-449.,STRAIN=DSM 3638 ;,,,Voorhorst W.G.; Eggen R.I.; Luesink E.J.; de Vos W.M.; Voorhorst W.G.; Gueguen Y.; Geerling A.C.; Schut G.; Dahlke I.; Thomm M.; van der Oost J.; de Vos W.M.; van der Oost J.; Kado Y.; Inoue T.; Ishikawa K.; Tian J.; Zhang Y.; Liu B.; Zuo D.; Jiang T.; Guo J.; Zhang W.; Wu N.; Fan Y.; Nakabayashi M.; Kataoka M.; Mishima Y.; Maeno Y.; Ishikawa K.; Nakabayashi M.; Kataoka M.; Watanabe M.; Ishikawa K.;,"Characterization of the celB gene coding for beta-glucosidase from the hyperthermophilic archaeon Pyrococcus furiosus and its expression and site- directed mutation in Escherichia coli."; "Transcriptional regulation in the hyperthermophilic archaeon Pyrococcus furiosus: coordinated expression of divergently oriented genes in response to beta-linked glucose polymers."; "Crystal structure of hyperthermophilic beta-glucosidase from pyrococcus furiosus."; "Presep: predicting the propensity of a protein being secreted into the supernatant when expressed in Pichia pastoris."; "Structural analysis of beta-glucosidase mutants derived from a hyperthermophilic tetrameric structure."; "Monomer structure of a hyperthermophilic beta-glucosidase mutant forming a dodecameric structure in the crystal form.";,,-!- SIMILARITY: Belongs to the glycosyl hydrolase 1 family. .,,ACT_SITE 372 /note="Nucleophile" /evidence="ECO:0000256|PROSITE-ProRule:PRU10055",1: Evidence at protein level;,3D-structure .,SEQUENCE 472 AA; 54665 MW,MKFPKNFMFGYSWSGFQFEMGLPGSEVESDWWVWVHDKENIASGLVSGDLPENGPAYWHLYKQDHDIAEKLGMDCIRGGIEWARIFPKPTFDVKVDVEKDEEGNIISVDVPESTIKELEKIANMEALEHYRKIYSDWKERGKTFILNLYHWPLPLWIHDPIAVRKLGPDRAPAGWLDEKTVVEFVKFAAFVAYHLDDLVDMWSTMNEPNVVYNQGYINLRSGFPPGYLSFEAAEKAKFNLIQAHIGAYDAIKEYSEKSVGVIYAFAWHDPLAEEYKDEVEEIRKKDYEFVTILHSKGKLDWIGVNYYSRLVYGAKDGHLVPLPGYGFMSERGGFAKSGRPASDFGWEMYPEGLENLLKYLNNAYELPMIITENGMADAADRYRPHYLVSHLKAVYNAMKEGADVRGYLHWSLTDNYEWAQGFRMRFGLVYVDFETKKRYLRPSALVFREIATQKEIPEELAHLADLKFVTRK
G4XNQ4_9EURY Unreviewed; 154 AA.,G4XNQ4;,,SubName: Full=Methyl-coenzyme M reductase alpha ; Flags: Fragment;,Name=mcrA ;,uncultured euryarchaeote.,,Archaea; Euryarchaeota; environmental samples.,,,,NUCLEOTIDE SEQUENCE.,STRAIN=DGGE gel band 6LSIH7 ;,,,Garcia-Maldonado J.Q.; Lopez-Cortes A.;,"Methane production in hypersaline environments: Microbial diversity; structure; and function of the methanogenic community.";,,,,DOMAIN 1..119 /note="MCR_alpha" /evidence="ECO:0000259|Pfam:PF02249" NON_TER 1 /evidence="ECO:0000313|EMBL:AEQ26063.1" NON_TER 154 /evidence="ECO:0000313|EMBL:AEQ26063.1",4: Predicted;,,SEQUENCE 154 AA; 16768 MW,FTQYATAAYTNNILDDNLYYNVDYINDKYDGAANKGTDNKVNATMDVVKDIATESTIYGIENYEKYPTALEDHFGGSQRATVLSAAAGSAASLATGNANAGLSAWYLCMYLHKEALGRLGFFGFDLQDQCGATNVFSFQSDEGLPHELRGPNYP
A0A059V7W2_9EURY Unreviewed; 169 AA.,A0A059V7W2; A0A059VB80;,,SubName: Full=Elongation factor 2 ; Flags: Fragment;,Name=ef2 ;,Halorubrum halodurans.,,Archaea; Euryarchaeota; Stenosarchaea group; Halobacteria; Haloferacales; Halorubraceae; Halorubrum.,,,,NUCLEOTIDE SEQUENCE.,STRAIN=C170 ;,,,Ram Mohan N.; Fullmer M.S.; Makkay A.M.; Wheeler R.; Ventosa A.; Naor A.; Gogarten J.P.; Papke R.T.;,"Evidence from phylogenetic and genome fingerprinting analyses suggests rapidly changing variation in Halorubrum and Haloarcula populations.";,,,,DOMAIN 97..163 /note="GTP_EFTU_D2" /evidence="ECO:0000259|Pfam:PF03144" NON_TER 1 /evidence="ECO:0000313|EMBL:AHZ89129.1" NON_TER 169 /evidence="ECO:0000313|EMBL:AHZ89129.1",4: Predicted;,Elongation factor .,SEQUENCE 169 AA; 18435 MW,GVSMPSMQRTGMDFGDIMELEQNDKRDELHERTPLSDVVLDMVCEHFPNPVDAQPRRVPRIWRGDPDSELAEGMQLVDEDGEVVFMVTDISMDPHAGEIATGRVFSGTLEKGQELYVSGTAGKNRIQSVGLFMGSEREEVEHVPAGNIASVTGLRDAIAGSTVSSVEMT
A8UQB8_9EURY Unreviewed; 160 AA.,A8UQB8;,,SubName: Full=Methyl-coenzyme M reductase alpha ; Flags: Fragment;,Name=mcrA ;,uncultured euryarchaeote.,,Archaea; Euryarchaeota; environmental samples.,,,,NUCLEOTIDE SEQUENCE. NUCLEOTIDE SEQUENCE. NUCLEOTIDE SEQUENCE.,,,,Bebout B.M.; Smith J.M.; Kelley C.A.; Potter E.; Spear J.; Sahl J.; Bebout B.; Chanton J.; Kelley C.; Tazaz A.; Poole J.; Garcia-Maldonado J.Q.; Lopez-Cortes A.; Garcia-Maldonado J.Q.; Bebout B.;,"Salinity controls the isotopic composition of methane and the methanogen community structure in a hypersaline ecosystem."; "Methanogenesis in hypersaline environments - Analogs for ancient Mars?";,,,,DOMAIN 1..123 /note="MCR_alpha" /evidence="ECO:0000259|Pfam:PF02249" NON_TER 1 /evidence="ECO:0000313|EMBL:ABW73323.1" NON_TER 160 /evidence="ECO:0000313|EMBL:ABW73323.1",4: Predicted;,,SEQUENCE 160 AA; 17193 MW,GGVGFTQYATAAYCNNILDDNLYYNVDYINDKYDGAANKGVDNKVTASLDVVKDIATESTIYGIENYEKYPTTLEDHFGGSQRGTSLSAAAGSAVAIATGNGNAGLSGWYLCMYVHKEALGRLGFFGYDLQDQCGATNVLSYQSDEGLALELRGPNYPNY
A8UQH4_9EURY Unreviewed; 152 AA.,A8UQH4;,,SubName: Full=Methyl-coenzyme M reductase alpha ; Flags: Fragment;,Name=mcrA ;,uncultured euryarchaeote.,,Archaea; Euryarchaeota; environmental samples.,,,,NUCLEOTIDE SEQUENCE.,,,,Bebout B.M.; Smith J.M.; Kelley C.A.; Potter E.; Spear J.; Sahl J.;,"Salinity controls the isotopic composition of methane and the methanogen community structure in a hypersaline ecosystem.";,,,,DOMAIN 1..115 /note="MCR_alpha" /evidence="ECO:0000259|Pfam:PF02249" NON_TER 1 /evidence="ECO:0000313|EMBL:ABW73347.1" NON_TER 152 /evidence="ECO:0000313|EMBL:ABW73347.1",4: Predicted;,,SEQUENCE 152 AA; 16500 MW,ATAAYTNNILDDNLYYNVDYINDKYDGAANTGVDNKVEASMDVIKDITTESTIYGLENYEKYPTTLEDHFGGSQRATSLSAAAGAATSIATGNGNAGLSAWYLCMYLHKEAHGRLGFFGYDLQDQCGATNVFSFQSDEGAPVELRGPNYPNY
A0A2D3I2J0_9EURY Unreviewed; 162 AA.,A0A2D3I2J0;,,SubName: Full=Methyl coenzyme M reductase ; Flags: Fragment;,,uncultured euryarchaeote.,,Archaea; Euryarchaeota; environmental samples.,,,,NUCLEOTIDE SEQUENCE.,,,,Chen X.; Sun J.;,"The invasion of Spartina alterniflora change the community composition of methanogens in Chongming wetland.";,,,,DOMAIN 1..123 /note="MCR_alpha" /evidence="ECO:0000259|Pfam:PF02249" NON_TER 1 /evidence="ECO:0000313|EMBL:ATU81530.1" NON_TER 162 /evidence="ECO:0000313|EMBL:ATU81530.1",4: Predicted;,,SEQUENCE 162 AA; 17467 MW,GGVGFTQYATAAYTDDILDNNVYYNVDYINDKYNGAATIGKDNKVKATLDVVKDIATESTLYGIETYEKFPTALEDHFGGSQRATVLAAAAGVAVALGTANANAGLSGWYLSMYLHKEAWGRLGFFGYDLQDQCGATNVLSYQGDEGLPDELRGPNYPNYAM
A0A1L5YJY6_9EURY Unreviewed; 254 AA.,A0A1L5YJY6;,,RecName: Full=Coenzyme-B sulfoethylthiotransferase ; Flags: Fragment;,Name=mcrA ;,uncultured Methanosarcinales archaeon.,,Archaea; Euryarchaeota; Stenosarchaea group; Methanomicrobia; Methanosarcinales; environmental samples.,,,,NUCLEOTIDE SEQUENCE.,,,,Chen Y.;,"Methanogenenic communities from Huixian karst wetland; Guilin; China.";,,-!- CATALYTIC ACTIVITY: Reaction=coenzyme B + methyl-coenzyme M = coenzyme M-coenzyme B heterodisulfide + methane; Xref=Rhea:RHEA:12532; ChEBI:CHEBI:16183; ChEBI:CHEBI:58286; ChEBI:CHEBI:58411; ChEBI:CHEBI:58596; EC=2.8.4.1; Evidence= .,,DOMAIN 1..41 /note="MCR_alpha_N" /evidence="ECO:0000259|Pfam:PF02745" DOMAIN 89..215 /note="MCR_alpha" /evidence="ECO:0000259|Pfam:PF02249" NON_TER 1 /evidence="ECO:0000313|EMBL:APP91452.1" NON_TER 254 /evidence="ECO:0000313|EMBL:APP91452.1",3: Inferred from homology;,Metal-binding .,SEQUENCE 254 AA; 27089 MW,AMQIGMSFISAYHMCAGEAAVGELAFTAKHAGLVEMGDMIPARRARGPNEPGGLSFGHMADIVQTNRKGPDDPVNVVLQTASAATMLYDQIWLGGYMSGGVGFTMYATPAYTNDIVDDFLYWGNDYASKKYGGNGKAKATIETVKDIGTEVTLYGLEQYEKYPTTLEDHFGGSQRATVVSIAAGGATALATGHSNAGLSAWYLSMYLHKEAHGRLGFYGYDLQDQCGATNVFSIGSDEGCIGECRGANYPNYAM
L0ARE0_9EURY Unreviewed; 162 AA.,L0ARE0;,,RecName: Full=Coenzyme-B sulfoethylthiotransferase ; Flags: Fragment;,Name=mcrA ;,uncultured Methanomicrobiales archaeon.,,Archaea; Euryarchaeota; Stenosarchaea group; Methanomicrobia; Methanomicrobiales; environmental samples.,,,,NUCLEOTIDE SEQUENCE.,,,,Prasanna Kumar C.;,"Methanogenic archaeal phylogeny in OMZ sediments of Bay of Bengal.";,,-!- CATALYTIC ACTIVITY: Reaction=coenzyme B + methyl-coenzyme M = coenzyme M-coenzyme B heterodisulfide + methane; Xref=Rhea:RHEA:12532; ChEBI:CHEBI:16183; ChEBI:CHEBI:58286; ChEBI:CHEBI:58411; ChEBI:CHEBI:58596; EC=2.8.4.1; Evidence= .,,DOMAIN 1..23 /note="MCR_alpha_N" /evidence="ECO:0000259|Pfam:PF02745" DOMAIN 71..162 /note="MCR_alpha" /evidence="ECO:0000259|Pfam:PF02249" NON_TER 1 /evidence="ECO:0000313|EMBL:AFZ76936.1" NON_TER 162 /evidence="ECO:0000313|EMBL:AFZ76936.1",3: Inferred from homology;,Metal-binding .,SEQUENCE 162 AA; 17808 MW,AAVADLAFAAKHAGVIQMGDILPARRARGPNEPGGIKFGHFADMIQADRKYPNDPARATLEVVGAGAMLFDQIWLGSYMSGGVGFTQYATAAYTDNILDDYTYYGMDYIKSKYKVNWQSPSEKDKVKATQDVVNDIATEVNLYGMEQYEQYPTALEDHFGGS
A8US20_9EURY Unreviewed; 156 AA.,A8US20;,,SubName: Full=Methyl-coenzyme M reductase alpha ; Flags: Fragment;,Name=mcrA ;,uncultured euryarchaeote.,,Archaea; Euryarchaeota; environmental samples.,,,,NUCLEOTIDE SEQUENCE.,,,,Bebout B.M.; Smith J.M.; Kelley C.A.; Potter E.; Spear J.; Sahl J.;,"Salinity controls the isotopic composition of methane and the methanogen community structure in a hypersaline ecosystem.";,,,,DOMAIN 1..117 /note="MCR_alpha" /evidence="ECO:0000259|Pfam:PF02249" NON_TER 1 /evidence="ECO:0000313|EMBL:ABW73471.1" NON_TER 156 /evidence="ECO:0000313|EMBL:ABW73471.1",4: Predicted;,,SEQUENCE 156 AA; 17099 MW,GGVGFTQYATAAYTDNILEDYTYWAADLVKDKFGGFAKMDPEINELMELVNKVNTYALSMYEEYPAAMEAHFGGSQRSTVCAAASAIAGAMATGSADVGVNCWYLSMVQHKERLGRLGFYGFDLQDMAGSTNSFAYRSDEGCPFEMRGPNYPNYAM
F5A684_9EURY Unreviewed; 188 AA.,F5A684;,,RecName: Full=Catalase ; Flags: Fragment;,Name=katE ;,uncultured Methanosarcina sp.,,Archaea; Euryarchaeota; Stenosarchaea group; Methanomicrobia; Methanosarcinales; Methanosarcinaceae; Methanosarcina; environmental samples.,,,,NUCLEOTIDE SEQUENCE.,,,,Angel R.; Matthies D.; Conrad R.;,"Activation of methanogenesis in arid biological soil crusts despite the presence of oxygen.";,,-!- COFACTOR: Name=heme; Xref=ChEBI:CHEBI:30413; Evidence= ;,,DOMAIN 22..188 /note="Catalase" /evidence="ECO:0000259|SMART:SM01060" NON_TER 1 /evidence="ECO:0000313|EMBL:AED99995.1" NON_TER 188 /evidence="ECO:0000313|EMBL:AED99995.1",4: Predicted;,,SEQUENCE 188 AA; 21503 MW,DEKSKLKDLEEFREYPEGQFLTTNQGVRVSETDMSLKAGERGPTLLEDFHFREKLTHFDHERIPERVVHARGTGAHGYFECYESMAEYTMASFLQEAGKKTPVFVRFSTVVGFRGSADTVRDARGFATKFYTEDGNYDLVGNNIPVFFIQDAIKFPDLVHSIKPEPDDEMPQASAAHDTFWDFVASHY
A8UQC1_9EURY Unreviewed; 160 AA.,A8UQC1;,,SubName: Full=Methyl-coenzyme M reductase alpha ; Flags: Fragment;,Name=mcrA ;,uncultured euryarchaeote.,,Archaea; Euryarchaeota; environmental samples.,,,,NUCLEOTIDE SEQUENCE.,,,,Bebout B.M.; Smith J.M.; Kelley C.A.; Potter E.; Spear J.; Sahl J.;,"Salinity controls the isotopic composition of methane and the methanogen community structure in a hypersaline ecosystem.";,,,,DOMAIN 1..123 /note="MCR_alpha" /evidence="ECO:0000259|Pfam:PF02249" NON_TER 1 /evidence="ECO:0000313|EMBL:ABW73324.1" NON_TER 160 /evidence="ECO:0000313|EMBL:ABW73324.1",4: Predicted;,,SEQUENCE 160 AA; 17300 MW,GGVGFTQYATAAYTNNILDDNLYYNVDYINDKYDGAANKGTDNKVNATMDVVKDIATESTIYGIENYEKYPTALEDHFGGSQRATVLSAAAGSAASLATGNANAGLSAWYLSMYLHKEALGRLGFFGFDLQDQCGATNVFSFQSDEGLPHELRGPNYPNY
A8USH6_9EURY Unreviewed; 160 AA.,A8USH6;,,SubName: Full=Methyl-coenzyme M reductase alpha ; Flags: Fragment;,Name=mcrA ;,uncultured euryarchaeote.,,Archaea; Euryarchaeota; environmental samples.,,,,NUCLEOTIDE SEQUENCE.,,,,Bebout B.M.; Smith J.M.; Kelley C.A.; Potter E.; Spear J.; Sahl J.;,"Salinity controls the isotopic composition of methane and the methanogen community structure in a hypersaline ecosystem.";,,,,DOMAIN 1..123 /note="MCR_alpha" /evidence="ECO:0000259|Pfam:PF02249" NON_TER 1 /evidence="ECO:0000313|EMBL:ABW73517.1" NON_TER 160 /evidence="ECO:0000313|EMBL:ABW73517.1",4: Predicted;,,SEQUENCE 160 AA; 17309 MW,GGVGFTQYATAAYTNNILDDNLYYDVEYINDKYDGAADKGIDNKVAPSMDVIKDIATESTLYGLENYEKYPVALEDHFGGSQRATVLSAAAGSAGSLATGNANAGLSAWYLCTYLHKEGHGRLGFFGFDLQDQCGATNTFSYQSDEGLPHELRGPNYPNY
A2TI13_9EURY Unreviewed; 157 AA.,A2TI13;,,SubName: Full=Methyl-coenzyme M reductase ; Flags: Fragment;,Name=mcrA ;,uncultured euryarchaeote.,,Archaea; Euryarchaeota; environmental samples.,,,,NUCLEOTIDE SEQUENCE.,,,,Smith J.M.; Green S.J.; Kelley C.A.; Prufert-Bebout L.; Bebout B.M.;,"Shifts in methanogen community structure and function associated with long-term manipulation of sulfate and salinity in a hypersaline microbial mat.";,,,,DOMAIN 1..119 /note="MCR_alpha" /evidence="ECO:0000259|Pfam:PF02249" NON_TER 1 /evidence="ECO:0000313|EMBL:ABM91139.1" NON_TER 157 /evidence="ECO:0000313|EMBL:ABM91139.1",4: Predicted;,,SEQUENCE 157 AA; 16994 MW,FTQYATAAYCNNILDDNLYYNVDYINDKYDGAANKGVDNKVTASLDVVKDIATESTIYGIENYEKYPTTLEDHFGGSQRGTSLSAAAGSAVAIATGNGNAGLSGWYLCMYVHKEALGRLGFFGYDLQDQCGATNVLSYQSDEGLALELRGPNYPNYA
Q2ERZ9_9EURY Unreviewed; 260 AA.,Q2ERZ9;,,RecName: Full=Coenzyme-B sulfoethylthiotransferase ; Flags: Fragment;,Name=mcrA ;,uncultured euryarchaeote.,,Archaea; Euryarchaeota; environmental samples.,,,,NUCLEOTIDE SEQUENCE.,,,,Lee S.-H.; Kim S.-Y.; Kang H.;,"Impact of elevated atmospheric CO2 on diversity of methanogens in wetland ecosystem.";,,-!- CATALYTIC ACTIVITY: Reaction=coenzyme B + methyl-coenzyme M = coenzyme M-coenzyme B heterodisulfide + methane; Xref=Rhea:RHEA:12532; ChEBI:CHEBI:16183; ChEBI:CHEBI:58286; ChEBI:CHEBI:58411; ChEBI:CHEBI:58596; EC=2.8.4.1; Evidence= .,,DOMAIN 1..41 /note="MCR_alpha_N" /evidence="ECO:0000259|Pfam:PF02745" DOMAIN 89..221 /note="MCR_alpha" /evidence="ECO:0000259|Pfam:PF02249" NON_TER 1 /evidence="ECO:0000313|EMBL:ABD18729.1" NON_TER 260 /evidence="ECO:0000313|EMBL:ABD18729.1",3: Inferred from homology;,Metal-binding .,SEQUENCE 260 AA; 27827 MW,AMQIGMSFISAYNMCAGEAAVADLSFAAKHAALVSMGEMLPARRARGPNEPGGLSFGRLSDIVQTSRTVTDDPAKVALEVVGAGCMLYDRIWLGSYMSGGVGFTQYATAAYTDDILDNNLYYNVDYINQKYSDAAKVGKDNKVKATLDVVKDIATESTIFGIETYEKYPTALEDHFGGSQRATVLAAAAGCAVSLATANANAGLSGWYLSMYLHKEAWGRLGFFGYGLQDQCGATNVLSYQGDEGLPDELRGPNYPNYAM
C0LL04_9EURY Unreviewed; 152 AA.,C0LL04;,,SubName: Full=Methyl-coenzyme M reductase I alpha subunit ; Flags: Fragment;,Name=mcrA ;,uncultured euryarchaeote.,,Archaea; Euryarchaeota; environmental samples.,,,,NUCLEOTIDE SEQUENCE. NUCLEOTIDE SEQUENCE.,,,,Santana P.P.B.; Ghilard R.Jr.; Nahum C.; Lameira J.; De Lorenzo V.; Schneider M.P.C.; Silva A.; Santana P.B.; Junior R.G.; Alves C.N.; Silva J.L.; McCulloch J.A.; Schneider M.P.; da Costa da Silva A.;,"Diversity and three-dimensional structures of the alpha Mcr of the methanogenic Archaea from the anoxic region of Tucurui Lake; in Eastern Brazilian Amazonia.";,,,,DOMAIN 1..117 /note="MCR_alpha" /evidence="ECO:0000259|Pfam:PF02249" NON_TER 1 /evidence="ECO:0000313|EMBL:ACN41320.1" NON_TER 152 /evidence="ECO:0000313|EMBL:ACN41320.1",4: Predicted;,,SEQUENCE 152 AA; 16245 MW,GGVGFTQYATAAYTDNILDDYTYYGMDYVKSKYGGAGKVPAKQDAVNDIATEVTLYGMEQYEQYPTALESHFGGSQRASVLAAAAGLSTSIGTGNSNAGLNAWYLSMLLHKEGWSRLGFFGYDLQDQCGSANSMAIRGDEGCIGELRGPNYP
Q6SEJ2_9EURY Unreviewed; 163 AA.,Q6SEJ2;,,SubName: Full=Methyl-coenzyme M reductase alpha subunit ; Flags: Fragment;,Name=mcrA ;,uncultured euryarchaeote.,,Archaea; Euryarchaeota; environmental samples.,,,,NUCLEOTIDE SEQUENCE.,,,,Castro H.; Ogram A.; Reddy K.R.;,"Phylogenetic characterization of methanogenic assemblages in eutrophic and oligotrophic areas of the Florida Everglades.";,,,,DOMAIN 1..124 /note="MCR_alpha" /evidence="ECO:0000259|Pfam:PF02249" NON_TER 1 /evidence="ECO:0000313|EMBL:AAR24556.1" NON_TER 163 /evidence="ECO:0000313|EMBL:AAR24556.1",4: Predicted;,,SEQUENCE 163 AA; 18132 MW,GGVGFTQYATAAYTDNILDDYTYYGMDYIKDKYKVDWKNPNEKDKIKATQDNINDIATEVCLYGMEQYEQFPTMMEDHFGGSQRAGVLAAACGLSTSIATGNSNAGLNGWYLCMLLHKEGWSRLGFYGYDLQDQCGSANTESYRADEGCVGELRGANYPNYAM
B3W014_9EURY Unreviewed; 157 AA.,B3W014;,,SubName: Full=Methyl coenzyme M reductase subunit A ; Flags: Fragment;,Name=mcrA ;,uncultured euryarchaeote.,,Archaea; Euryarchaeota; environmental samples.,,,,NUCLEOTIDE SEQUENCE. NUCLEOTIDE SEQUENCE. NUCLEOTIDE SEQUENCE.,,,,Evans P.; Hinds L.; Sly L.; McSweeney C.; Morrison M.; Wright A.-D.; Evans P.N.; Hinds L.A.; Sly L.I.; McSweeney C.S.; Morrison M.; Wright A.D.; Klieve A.V.; Ouwerkerk D.; Maguire A.J.;,"Community composition and density of methanogens in the foregut of the Tammar wallaby (Macropus eugenii)."; "Archaea in the foregut of macropod marsupials: PCR and amplicon sequence- based observations.";,,,,DOMAIN 1..118 /note="MCR_alpha" /evidence="ECO:0000259|Pfam:PF02249" NON_TER 1 /evidence="ECO:0000313|EMBL:ACF16842.1" NON_TER 157 /evidence="ECO:0000313|EMBL:ACF16842.1",4: Predicted;,,SEQUENCE 157 AA; 17309 MW,GGVGFTQYATAAYTDNILEDYIYHAVDVIKDRYGGFCGVKADDYAKQMALADEISSYALEMYERYPAVMETHFGGSQRATVTAASTGIATAFATGVADNGLNTWYQSMLQHKERTGRLGFYGFDLQDQCGSANSYSYRSDEGLPMELRGPNYPNYAM
A0A023W391_9EURY Unreviewed; 119 AA.,A0A023W391;,,SubName: Full=Methyl-coenzyme M reductase I subunit A ; Flags: Fragment;,Name=mcrA ;,uncultured Methanosarcina sp.,,Archaea; Euryarchaeota; Stenosarchaea group; Methanomicrobia; Methanosarcinales; Methanosarcinaceae; Methanosarcina; environmental samples.,,,,NUCLEOTIDE SEQUENCE.,,,,Lebuhn M.; Munk B.; Effenberger M.;,"Agricultural Biogas Production in Germany - From Practice to Basics.";,,,,DOMAIN 1..118 /note="MCR_alpha" /evidence="ECO:0000259|Pfam:PF02249" NON_TER 1 /evidence="ECO:0000313|EMBL:AHY24397.1" NON_TER 119 /evidence="ECO:0000313|EMBL:AHY24397.1",4: Predicted;,,SEQUENCE 119 AA; 12854 MW,TQYATAAYTDDILDNNVYYDVDYINDKYNGAANVGKDNKIKATLDVVKDIATESTIYGIETYEKFPTALEDHFGGSQRATVLAAAAGVATALATSNANAGLSGWYLSMYLHKEAWGRLG
O08452_9EURY Unreviewed; 460 AA.,O08452;,,SubName: Full=Alpha-amylase ;,Name=amyA ;,Pyrococcus furiosus.,,Archaea; Euryarchaeota; Thermococci; Thermococcales; Thermococcaceae; Pyrococcus.,,,,NUCLEOTIDE SEQUENCE. NUCLEOTIDE SEQUENCE. NUCLEOTIDE SEQUENCE.,STRAIN=DSM 3638 ;,,,Dong G.; Vieille C.; Savchenko A.; Zeikus J.G.; Jorgensen S.; Vorgias C.E.; Antranikian G.; Joergensen S.T.; Vorgias C.E.; Antranikian G.;,"Cloning; sequencing; and expression of the gene encoding extracellular alpha-amylase from Pyrococcus furiosus and biochemical characterization of the recombinant enzyme."; "Cloning; sequencing; characterization; and expression of an extracellular alpha-amylase from the hyperthermophilic archaeon Pyrococcus furiosus in Escherichia coli and Bacillus subtilis.";,,-!- COFACTOR: Name=Ca(2+); Xref=ChEBI:CHEBI:29108; Evidence= .,,DOMAIN 35..380 /note="Aamy" /evidence="ECO:0000259|SMART:SM00642",3: Inferred from homology;,Glycosidase .,SEQUENCE 460 AA; 52910 MW,MNIKKLTPLLTLLLFFIVLASPVSAAKYLELEEGGVIMQAFYWDVPGGGIWWDHIRSKIPEWYEAGISAIWLPPPSKGMSGGYSMGYDPYDYFDLGEYYQKGTVETRFGSKEELVRLIQTAHAYGIKVIADVVINHRAGGDLEWNPFVGDYTWTDFSKVASGKYTANYLDFHPNELHCCDEGTFGGFPDICHHKEWDQYWLWKSNESYAAYLRSIGFDGWRFDYVKGYGAWVVRDWLNWWGGWAVGEYWDTNVDALLSWAYESGAKVFDFPLYYKMDEAFDNNNIPALVYALQNGQTVVSRDPFKAVTFVANHDTDIIWNKYPAYAFILTYEGQPVIFYRDFEEWLNKDKLINLIWIHDHLAGGSTTIVYYDNDELIFVRNGDSRRPGLITYINLSPNWVGRWVYVPKFAGACIHEYTGNLGGWVDKRVDSSGWVYLEAPPHDPANGYYGYSVWSYCGVG
A2TI56_9EURY Unreviewed; 157 AA.,A2TI56;,,SubName: Full=Methyl-coenzyme M reductase ; Flags: Fragment;,Name=mcrA ;,uncultured euryarchaeote.,,Archaea; Euryarchaeota; environmental samples.,,,,NUCLEOTIDE SEQUENCE.,,,,Smith J.M.; Green S.J.; Kelley C.A.; Prufert-Bebout L.; Bebout B.M.;,"Shifts in methanogen community structure and function associated with long-term manipulation of sulfate and salinity in a hypersaline microbial mat.";,,,,DOMAIN 1..119 /note="MCR_alpha" /evidence="ECO:0000259|Pfam:PF02249" NON_TER 1 /evidence="ECO:0000313|EMBL:ABM91182.1" NON_TER 157 /evidence="ECO:0000313|EMBL:ABM91182.1",4: Predicted;,,SEQUENCE 157 AA; 17020 MW,FTQYATAPYCNNILDDNLYYNVDYINDKYDGAANKGVDNKVTASLDVVKDIATESTIYGIENYEKYPTTLEDHFGGSQRGTSLSAAAGSAVAIATGNGNAGLSGWYLCMYVHKEALGRLGFFGYDLQDQCGATNVLSYQSDEGLALELRGPNYPNYA
A2TI80_9EURY Unreviewed; 157 AA.,A2TI80;,,SubName: Full=Methyl-coenzyme M reductase ; Flags: Fragment;,Name=mcrA ;,uncultured euryarchaeote.,,Archaea; Euryarchaeota; environmental samples.,,,,NUCLEOTIDE SEQUENCE.,,,,Smith J.M.; Green S.J.; Kelley C.A.; Prufert-Bebout L.; Bebout B.M.;,"Shifts in methanogen community structure and function associated with long-term manipulation of sulfate and salinity in a hypersaline microbial mat.";,,,,DOMAIN 1..119 /note="MCR_alpha" /evidence="ECO:0000259|Pfam:PF02249" NON_TER 1 /evidence="ECO:0000313|EMBL:ABM91206.1" NON_TER 157 /evidence="ECO:0000313|EMBL:ABM91206.1",4: Predicted;,,SEQUENCE 157 AA; 16936 MW,FTQYATAAYCNNILDDNLYYNVDYINDKYDGAANKGVDNKVTASLDVVKDIATESTIYGIENYEKYPTTLEDHFGGSQRGTSLSAAAGSAVAIATGNGNAGLSGWYLCMYVHKEALGRLGFFGYDLQGQCGATNVLSYQSDEGLALELRGPNYPNYA
Q6L779_9EURY Unreviewed; 216 AA.,Q6L779;,,RecName: Full=Coenzyme-B sulfoethylthiotransferase ; Flags: Fragment;,Name=mcrA ;,uncultured Methanomicrobiales archaeon.,,Archaea; Euryarchaeota; Stenosarchaea group; Methanomicrobia; Methanomicrobiales; environmental samples.,,,,NUCLEOTIDE SEQUENCE.,,,,Shigematsu T.; Tang Y.; Kobayashi T.; Kawaguchi H.; Morimura S.; Kida K.;,"Effect of dilution rate on metabolic pathway shift between aceticlastic and nonaceticlastic methanogenesis in chemostat cultivation.";,,-!- CATALYTIC ACTIVITY: Reaction=coenzyme B + methyl-coenzyme M = coenzyme M-coenzyme B heterodisulfide + methane; Xref=Rhea:RHEA:12532; ChEBI:CHEBI:16183; ChEBI:CHEBI:58286; ChEBI:CHEBI:58411; ChEBI:CHEBI:58596; EC=2.8.4.1; Evidence= .,,DOMAIN 1..34 /note="MCR_alpha_N" /evidence="ECO:0000259|Pfam:PF02745" DOMAIN 82..215 /note="MCR_alpha" /evidence="ECO:0000259|Pfam:PF02249" NON_TER 1 /evidence="ECO:0000313|EMBL:BAD21108.1" NON_TER 216 /evidence="ECO:0000313|EMBL:BAD21108.1",2: Evidence at transcript level;,Metal-binding .,SEQUENCE 216 AA; 23501 MW,FIGAYRMCAGEAAVADLAFAAKHAGVIQMATHLPARRARGPNEPGGLAFGLFSDIIQANRKYPNDPAKASLEVVGAGTMLYDQIWLGSYMSGGVGFTQYATAAYTDNILDEFTYYGMDYIKDKYKVDWKNPSPKDRVKPTQEVVNDITTEVALNAMEQYEQYPTMMEDHFGGSQRAGVIAAACGLSTSIATGNSNAGLNAWYLSMLLHKEGWSRLG
A8UQH2_9EURY Unreviewed; 155 AA.,A8UQH2;,,SubName: Full=Methyl-coenzyme M reductase alpha ; Flags: Fragment;,Name=mcrA ;,uncultured euryarchaeote.,,Archaea; Euryarchaeota; environmental samples.,,,,NUCLEOTIDE SEQUENCE.,,,,Bebout B.M.; Smith J.M.; Kelley C.A.; Potter E.; Spear J.; Sahl J.;,"Salinity controls the isotopic composition of methane and the methanogen community structure in a hypersaline ecosystem.";,,,,DOMAIN 1..118 /note="MCR_alpha" /evidence="ECO:0000259|Pfam:PF02249" NON_TER 1 /evidence="ECO:0000313|EMBL:ABW73345.1" NON_TER 155 /evidence="ECO:0000313|EMBL:ABW73345.1",4: Predicted;,,SEQUENCE 155 AA; 16892 MW,TQYATAAYTNNILDDNLYYNVDYINDKYDGAANTGVDNKVEASMDVIKDITTESTIYGLENYEKYPTTLEDHFGGSQRATSLSAAAGAATSIATGNGNAGLSAWYLCMYLHKEAHGRLGFFGYDLQDQCGATNVFSFQSDEGAPVELRGPNYPNY
C0LKZ5_9EURY Unreviewed; 152 AA.,C0LKZ5;,,SubName: Full=Methyl-coenzyme M reductase I alpha subunit ; Flags: Fragment;,Name=mcrA ;,uncultured euryarchaeote.,,Archaea; Euryarchaeota; environmental samples.,,,,NUCLEOTIDE SEQUENCE. NUCLEOTIDE SEQUENCE.,,,,Santana P.P.B.; Ghilard R.Jr.; Nahum C.; Lameira J.; De Lorenzo V.; Schneider M.P.C.; Silva A.; Santana P.B.; Junior R.G.; Alves C.N.; Silva J.L.; McCulloch J.A.; Schneider M.P.; da Costa da Silva A.;,"Diversity and three-dimensional structures of the alpha Mcr of the methanogenic Archaea from the anoxic region of Tucurui Lake; in Eastern Brazilian Amazonia.";,,,,DOMAIN 1..117 /note="MCR_alpha" /evidence="ECO:0000259|Pfam:PF02249" NON_TER 1 /evidence="ECO:0000313|EMBL:ACN41311.1" NON_TER 152 /evidence="ECO:0000313|EMBL:ACN41311.1",4: Predicted;,,SEQUENCE 152 AA; 16265 MW,GGVGFTQYATAAYTDNILDDYTSYGVDYVKKKYGGIAKAKATQEIVNDIATEVTLYGMEQYEEFPTALESHFGGSQRATVLAAAAGVSAALATANSNAGLNGWYLSMLLHKDGWSRLGFYGYDLQDQCGSANTLSFRSDEGAIGELRGPNYP
Q6SCI6_9EURY Unreviewed; 155 AA.,Q6SCI6;,,SubName: Full=Methyl-coenzyme M reductase alpha subunit ; Flags: Fragment;,Name=mcrA ;,uncultured euryarchaeote.,,Archaea; Euryarchaeota; environmental samples.,,,,NUCLEOTIDE SEQUENCE.,,,,Castro H.; Ogram A.; Reddy K.R.;,"Phylogenetic characterization of methanogenic assemblages in eutrophic and oligotrophic areas of the Florida Everglades.";,,,,DOMAIN 1..116 /note="MCR_alpha" /evidence="ECO:0000259|Pfam:PF02249" NON_TER 1 /evidence="ECO:0000313|EMBL:AAR24570.1" NON_TER 155 /evidence="ECO:0000313|EMBL:AAR24570.1",4: Predicted;,,SEQUENCE 155 AA; 16848 MW,GGVGFTQYATAAYTDNILDDFTYYGKEYVEDKWGMAGAPNTMDSVLDVASEVTFYALEQFEDYPALLETIFGGSQRASIVAAGAACSTGFATGNAQTALSGWYLSMYLHKEQHARLGFYGYDLQDQCGATNVFSVRGDEGLPLELRGANYPNYAM
A2TIE0_9EURY Unreviewed; 158 AA.,A2TIE0;,,SubName: Full=Methyl-coenzyme M reductase ; Flags: Fragment;,Name=mcrA ;,uncultured euryarchaeote.,,Archaea; Euryarchaeota; environmental samples.,,,,NUCLEOTIDE SEQUENCE.,,,,Smith J.M.; Green S.J.; Kelley C.A.; Prufert-Bebout L.; Bebout B.M.;,"Shifts in methanogen community structure and function associated with long-term manipulation of sulfate and salinity in a hypersaline microbial mat.";,,,,DOMAIN 1..120 /note="MCR_alpha" /evidence="ECO:0000259|Pfam:PF02249" NON_TER 1 /evidence="ECO:0000313|EMBL:ABM91266.1" NON_TER 158 /evidence="ECO:0000313|EMBL:ABM91266.1",4: Predicted;,,SEQUENCE 158 AA; 17471 MW,FTQYATAAYTDNILDEYTYYGMDYLKDKYGVDWANPSPDDRVKASQEVVNDLATEVCLNANEQYEQYPTLMEDHFGGSQRAGVNAAACGLTCSIGTGNSNAGLNGWYLSMLVHKENWSRLGFFGYDLQDQCGSANSLSVRPDEGLLGELRGPNYPNYA
Q0Z8K3_9EURY Unreviewed; 144 AA.,Q0Z8K3;,,SubName: Full=Methyl-coenzyme M reductase alpha subunit ; Flags: Fragment;,Name=mcrA ;,uncultured euryarchaeote.,,Archaea; Euryarchaeota; environmental samples.,,,,NUCLEOTIDE SEQUENCE.,,,,Smith J.M.; Castro H.; Ogram A.;,"Structure and function of methanogens along a short-term restoration chronosequence in the Florida Everglades.";,,,,DOMAIN 1..105 /note="MCR_alpha" /evidence="ECO:0000259|Pfam:PF02249" NON_TER 1 /evidence="ECO:0000313|EMBL:ABG48753.1" NON_TER 144 /evidence="ECO:0000313|EMBL:ABG48753.1",4: Predicted;,,SEQUENCE 144 AA; 15783 MW,AYTDNVLDDFTYYGQEYVEDKFGMTEAPNTMETVLDVGSEVTFYALEQFEDYPALLETIFGGSQRASIVAAAAGCATGFATGNAQTGLSAWYLSMYLHKEQHSRLGFYGYDLQDQCGAANVFAIRGDEGLPLEARGANYPNYAM
Q0Z8L4_9EURY Unreviewed; 144 AA.,Q0Z8L4;,,SubName: Full=Methyl-coenzyme M reductase alpha subunit ; Flags: Fragment;,Name=mcrA ;,uncultured euryarchaeote.,,Archaea; Euryarchaeota; environmental samples.,,,,NUCLEOTIDE SEQUENCE.,,,,Smith J.M.; Castro H.; Ogram A.;,"Structure and function of methanogens along a short-term restoration chronosequence in the Florida Everglades.";,,,,DOMAIN 1..105 /note="MCR_alpha" /evidence="ECO:0000259|Pfam:PF02249" NON_TER 1 /evidence="ECO:0000313|EMBL:ABG48742.1" NON_TER 144 /evidence="ECO:0000313|EMBL:ABG48742.1",4: Predicted;,,SEQUENCE 144 AA; 15724 MW,YTNDVLDDFCYYGVDFAVDKFGGFAKAPQTLDVAKELGTEVTLYGMEQYEAYPTLLEDHFGGSQRASVLAAASGITAAIASGHSQVGLAAWYLSMLLHKEGWGRLGFFGYDLQDQCGPTNVFSYQSDEGNPVEMRGANYPNYAM
Q2ERZ5_9EURY Unreviewed; 253 AA.,Q2ERZ5;,,RecName: Full=Coenzyme-B sulfoethylthiotransferase ; Flags: Fragment;,Name=mcrA ;,uncultured euryarchaeote.,,Archaea; Euryarchaeota; environmental samples.,,,,NUCLEOTIDE SEQUENCE.,,,,Lee S.-H.; Kim S.-Y.; Kang H.;,"Impact of elevated atmospheric CO2 on diversity of methanogens in wetland ecosystem.";,,-!- CATALYTIC ACTIVITY: Reaction=coenzyme B + methyl-coenzyme M = coenzyme M-coenzyme B heterodisulfide + methane; Xref=Rhea:RHEA:12532; ChEBI:CHEBI:16183; ChEBI:CHEBI:58286; ChEBI:CHEBI:58411; ChEBI:CHEBI:58596; EC=2.8.4.1; Evidence= .,,DOMAIN 1..41 /note="MCR_alpha_N" /evidence="ECO:0000259|Pfam:PF02745" DOMAIN 89..214 /note="MCR_alpha" /evidence="ECO:0000259|Pfam:PF02249" NON_TER 1 /evidence="ECO:0000313|EMBL:ABD18733.1" NON_TER 253 /evidence="ECO:0000313|EMBL:ABD18733.1",3: Inferred from homology;,Metal-binding .,SEQUENCE 253 AA; 27418 MW,AMQIGMSMISAYKQAAGEAATGDFAYAAKHAEVVHMGTALPQRRARGENEPGGIPFGYLADICQSSRVNPDDPAKVTLDVVASGAMLYDQIWLGSYMSGGVGFTQYATAAYTDNILDDFVYYGKEYVEDKFGMTEAPNNMDTVLDVGSEVTFYALEQFEEYPALLETIFGGSQRASIVAAAAGCSTGFATGNAQTGLSAWYLSMYLHKEQHSRLGFYGYDLQDQCGASNVFSIRNDEGLPVEMRGPNYPNYAM
A2TID7_9EURY Unreviewed; 158 AA.,A2TID7;,,SubName: Full=Methyl-coenzyme M reductase ; Flags: Fragment;,Name=mcrA ;,uncultured euryarchaeote.,,Archaea; Euryarchaeota; environmental samples.,,,,NUCLEOTIDE SEQUENCE.,,,,Smith J.M.; Green S.J.; Kelley C.A.; Prufert-Bebout L.; Bebout B.M.;,"Shifts in methanogen community structure and function associated with long-term manipulation of sulfate and salinity in a hypersaline microbial mat.";,,,,DOMAIN 1..120 /note="MCR_alpha" /evidence="ECO:0000259|Pfam:PF02249" NON_TER 1 /evidence="ECO:0000313|EMBL:ABM91263.1" NON_TER 158 /evidence="ECO:0000313|EMBL:ABM91263.1",4: Predicted;,,SEQUENCE 158 AA; 17555 MW,FTQYATAPYTDNILDEYTYYDMDYLKDKYGVDWANPSPDDRVKASQEVVNDLATEVCLNANEQYEQYPTLMEDHFGGSQRAGVNAAACGLTCSIGTGNSNAGLNGWYLSMLVHKENWSRLGFFGYDLQDQCGSANSLSVRPDEGLLGELRGPNYPNYA
A8UQH3_9EURY Unreviewed; 159 AA.,A8UQH3;,,SubName: Full=Methyl-coenzyme M reductase alpha ; Flags: Fragment;,Name=mcrA ;,uncultured euryarchaeote.,,Archaea; Euryarchaeota; environmental samples.,,,,NUCLEOTIDE SEQUENCE.,,,,Bebout B.M.; Smith J.M.; Kelley C.A.; Potter E.; Spear J.; Sahl J.;,"Salinity controls the isotopic composition of methane and the methanogen community structure in a hypersaline ecosystem.";,,,,DOMAIN 1..122 /note="MCR_alpha" /evidence="ECO:0000259|Pfam:PF02249" NON_TER 1 /evidence="ECO:0000313|EMBL:ABW73346.1" NON_TER 159 /evidence="ECO:0000313|EMBL:ABW73346.1",4: Predicted;,,SEQUENCE 159 AA; 17279 MW,GVGFTQYATAPYTNNILDDNLYYNVDYINDKYDGAANTGVDNKVEASMDVIKDITTESTIYGLENYEKYPTTLEDHFGGSQRATSLSAAAGAATSIATGNGNAGLSAWYLCMYLHKEAHGRLGFFGYDLQDQCGATNVFSFQSDEGAPVELRGPNYPNY
A8UQH6_9EURY Unreviewed; 159 AA.,A8UQH6;,,SubName: Full=Methyl-coenzyme M reductase alpha ; Flags: Fragment;,Name=mcrA ;,uncultured euryarchaeote.,,Archaea; Euryarchaeota; environmental samples.,,,,NUCLEOTIDE SEQUENCE.,,,,Bebout B.M.; Smith J.M.; Kelley C.A.; Potter E.; Spear J.; Sahl J.;,"Salinity controls the isotopic composition of methane and the methanogen community structure in a hypersaline ecosystem.";,,,,DOMAIN 1..122 /note="MCR_alpha" /evidence="ECO:0000259|Pfam:PF02249" NON_TER 1 /evidence="ECO:0000313|EMBL:ABW73349.1" NON_TER 159 /evidence="ECO:0000313|EMBL:ABW73349.1",4: Predicted;,,SEQUENCE 159 AA; 17136 MW,GVGFTQYATAAYCNNILDDNLYYNVDYINDKYDGAANKGVDNKVTASLDVVKDIATESTIYGIENYEKYPTTLEDHFGGSQRGTSLSAAAGSAVAIATGNGNAGLSGWYLCMYVHKEALGRLGFFGYDLQDQCGATNVLSYQSDEGLALELRGPNYPNY
I1WXM1_9EURY Unreviewed; 155 AA.,I1WXM1;,,SubName: Full=Methyl coenzyme M reductase subunit A ; Flags: Fragment;,Name=mcrA ;,uncultured euryarchaeote.,,Archaea; Euryarchaeota; environmental samples.,,,,NUCLEOTIDE SEQUENCE.,,,,Klieve A.V.; Ouwerkerk D.; Maguire A.J.;,"Archaea in the foregut of macropod marsupials: PCR and amplicon sequence- based observations.";,,,,DOMAIN 1..116 /note="MCR_alpha" /evidence="ECO:0000259|Pfam:PF02249" NON_TER 1 /evidence="ECO:0000313|EMBL:AFI71026.1" NON_TER 155 /evidence="ECO:0000313|EMBL:AFI71026.1",4: Predicted;,,SEQUENCE 155 AA; 16661 MW,GGVGFTQYATAAYTDEILDDFVYYGKDYVETKYGGLCQAEASSDVVRDIASEVTLYGLEQYEIPAALEDHFGGSQRAAVLAAGAGCSVAFATANSNAGVNGWYLSQLLHKEGHSRLGFYGYDLQDQCGSSNSLSVRSDEGLIHELRGPNYPNYAM
A0A1L5YJY3_9EURY Unreviewed; 254 AA.,A0A1L5YJY3;,,RecName: Full=Coenzyme-B sulfoethylthiotransferase ; Flags: Fragment;,Name=mcrA ;,uncultured Methanomicrobiales archaeon.,,Archaea; Euryarchaeota; Stenosarchaea group; Methanomicrobia; Methanomicrobiales; environmental samples.,,,,NUCLEOTIDE SEQUENCE.,,,,Chen Y.;,"Methanogenenic communities from Huixian karst wetland; Guilin; China.";,,-!- CATALYTIC ACTIVITY: Reaction=coenzyme B + methyl-coenzyme M = coenzyme M-coenzyme B heterodisulfide + methane; Xref=Rhea:RHEA:12532; ChEBI:CHEBI:16183; ChEBI:CHEBI:58286; ChEBI:CHEBI:58411; ChEBI:CHEBI:58596; EC=2.8.4.1; Evidence= .,,DOMAIN 1..41 /note="MCR_alpha_N" /evidence="ECO:0000259|Pfam:PF02745" DOMAIN 89..215 /note="MCR_alpha" /evidence="ECO:0000259|Pfam:PF02249" NON_TER 1 /evidence="ECO:0000313|EMBL:APP91446.1" NON_TER 254 /evidence="ECO:0000313|EMBL:APP91446.1",3: Inferred from homology;,Metal-binding .,SEQUENCE 254 AA; 27538 MW,AMQIGMSYIGAYRMCAGEAATADLAFAAKHAGLIEMANLLPARRARGPNEPGGLKFGLFSDIIQADRKYPNDPVKSSLEVVAAGAMLFDQIWLGSYMSGGVGFTQYATAAYTDNVLDDFCYYGQDYVKDKYKGWTKAPQTQAAVNDIATEVTLYGMEQYEQFPSLLEDHFGGSQRASVLAAAAGLTCSMATANSNAGLNGWYLSMLLHKEGWSRLGFYGYDLQDQCGSANCMAIRSDEGLITELRGANYPNYAM
A0A1L5YJU2_9EURY Unreviewed; 253 AA.,A0A1L5YJU2;,,RecName: Full=Coenzyme-B sulfoethylthiotransferase ; Flags: Fragment;,Name=mcrA ;,uncultured Methanosarcinales archaeon.,,Archaea; Euryarchaeota; Stenosarchaea group; Methanomicrobia; Methanosarcinales; environmental samples.,,,,NUCLEOTIDE SEQUENCE.,,,,Chen Y.;,"Methanogenenic communities from Huixian karst wetland; Guilin; China.";,,-!- CATALYTIC ACTIVITY: Reaction=coenzyme B + methyl-coenzyme M = coenzyme M-coenzyme B heterodisulfide + methane; Xref=Rhea:RHEA:12532; ChEBI:CHEBI:16183; ChEBI:CHEBI:58286; ChEBI:CHEBI:58411; ChEBI:CHEBI:58596; EC=2.8.4.1; Evidence= .,,DOMAIN 1..41 /note="MCR_alpha_N" /evidence="ECO:0000259|Pfam:PF02745" DOMAIN 89..214 /note="MCR_alpha" /evidence="ECO:0000259|Pfam:PF02249" NON_TER 1 /evidence="ECO:0000313|EMBL:APP91400.1" NON_TER 253 /evidence="ECO:0000313|EMBL:APP91400.1",3: Inferred from homology;,Metal-binding .,SEQUENCE 253 AA; 27269 MW,AMQIGMSFISAYHMCAGEAAVGELAFTAKHAGLVEMGDMIPARRARGPNEPGGLSFGHMADIVQTGRKTPDDPVNVNLQIASAATMLYDQIWLGGYMSGGVGFTMYATPAYTNDILDDFCYWGNDYVSKKYGLNKAKPTIETVKDIATEVTLYGIEAYEKYPTTLEDHFGGSQRATVLAIAAGTSTSMATGHSNAGLSAWYLSMYLHKEAWGRLGFYGYDLQDQCGATNVFSIGSDEGCIGELRGANYPNYAM
A0A023W4I8_9EURY Unreviewed; 119 AA.,A0A023W4I8;,,SubName: Full=Methyl-coenzyme M reductase I subunit A ; Flags: Fragment;,Name=mcrA ;,uncultured Methanosarcina sp.,,Archaea; Euryarchaeota; Stenosarchaea group; Methanomicrobia; Methanosarcinales; Methanosarcinaceae; Methanosarcina; environmental samples.,,,,NUCLEOTIDE SEQUENCE.,,,,Lebuhn M.; Munk B.; Effenberger M.;,"Agricultural Biogas Production in Germany - From Practice to Basics.";,,,,DOMAIN 1..118 /note="MCR_alpha" /evidence="ECO:0000259|Pfam:PF02249" NON_TER 1 /evidence="ECO:0000313|EMBL:AHY24404.1" NON_TER 119 /evidence="ECO:0000313|EMBL:AHY24404.1",4: Predicted;,,SEQUENCE 119 AA; 12841 MW,TQYATAAYTDDILDNNTYYNVDYINDKYNGAANVGKDNKVKATLDVVKDIATESTIYGIETYEKFPTALEDHFGGSQRATVLAAAAGVATALATSNANAGLSGWYLSMYLHKEAWGRLG
A0A023W4M2_9EURY Unreviewed; 119 AA.,A0A023W4M2;,,SubName: Full=Methyl-coenzyme M reductase I subunit A ; Flags: Fragment;,Name=mcrA ;,uncultured Methanosarcina sp.,,Archaea; Euryarchaeota; Stenosarchaea group; Methanomicrobia; Methanosarcinales; Methanosarcinaceae; Methanosarcina; environmental samples.,,,,NUCLEOTIDE SEQUENCE.,,,,Lebuhn M.; Munk B.; Effenberger M.;,"Agricultural Biogas Production in Germany - From Practice to Basics.";,,,,DOMAIN 1..118 /note="MCR_alpha" /evidence="ECO:0000259|Pfam:PF02249" NON_TER 1 /evidence="ECO:0000313|EMBL:AHY24621.1" NON_TER 119 /evidence="ECO:0000313|EMBL:AHY24621.1",4: Predicted;,,SEQUENCE 119 AA; 12857 MW,TQYATAAYTDDILDNNTYYNVDYINDKYNGAANVGKDNKVKATLDVVKDIATESTIYGIETYEKFPTALEDHFGGSQRATVLAAAAGVSTALATSNANAGLSGWYLSMYLHKEAWGRLG
A2TIF0_9EURY Unreviewed; 158 AA.,A2TIF0;,,SubName: Full=Methyl-coenzyme M reductase ; Flags: Fragment;,Name=mcrA ;,uncultured euryarchaeote.,,Archaea; Euryarchaeota; environmental samples.,,,,NUCLEOTIDE SEQUENCE.,,,,Smith J.M.; Green S.J.; Kelley C.A.; Prufert-Bebout L.; Bebout B.M.;,"Shifts in methanogen community structure and function associated with long-term manipulation of sulfate and salinity in a hypersaline microbial mat.";,,,,DOMAIN 1..120 /note="MCR_alpha" /evidence="ECO:0000259|Pfam:PF02249" NON_TER 1 /evidence="ECO:0000313|EMBL:ABM91276.1" NON_TER 158 /evidence="ECO:0000313|EMBL:ABM91276.1",4: Predicted;,,SEQUENCE 158 AA; 17472 MW,FTQYATAAYTDDILDEYTYYGMDYLKDKYGVDWANPSPDDRVKASQEVVNDLATEVCLNANEQYEQYPTLMEDHFGGSQRAGVNAAACGLTCSIGTGNSNAGLNGWYLSMLVHKENWSRLGFFGYDLQDQCGSANSLSVRPDEGLLGELRGPNYPNYA
A0A1L5YK45_9EURY Unreviewed; 261 AA.,A0A1L5YK45;,,RecName: Full=Coenzyme-B sulfoethylthiotransferase ; Flags: Fragment;,Name=mcrA ;,uncultured Methanomicrobiales archaeon.,,Archaea; Euryarchaeota; Stenosarchaea group; Methanomicrobia; Methanomicrobiales; environmental samples.,,,,NUCLEOTIDE SEQUENCE.,,,,Chen Y.;,"Methanogenenic communities from Huixian karst wetland; Guilin; China.";,,-!- CATALYTIC ACTIVITY: Reaction=coenzyme B + methyl-coenzyme M = coenzyme M-coenzyme B heterodisulfide + methane; Xref=Rhea:RHEA:12532; ChEBI:CHEBI:16183; ChEBI:CHEBI:58286; ChEBI:CHEBI:58411; ChEBI:CHEBI:58596; EC=2.8.4.1; Evidence= .,,DOMAIN 1..41 /note="MCR_alpha_N" /evidence="ECO:0000259|Pfam:PF02745" DOMAIN 89..222 /note="MCR_alpha" /evidence="ECO:0000259|Pfam:PF02249" NON_TER 1 /evidence="ECO:0000313|EMBL:APP91497.1" NON_TER 261 /evidence="ECO:0000313|EMBL:APP91497.1",3: Inferred from homology;,Metal-binding .,SEQUENCE 261 AA; 28248 MW,AMQIGMSFIAAYHMCAGEAAVADLAFAAKHAGLIEMATLLPARRARGPNEPGGLKFGAFADMVQTDRKYPHDPAKASLEVVAAGTMLFDQIWLGSYMSGGVGFTQYATAAYTDNILDEYTYYGMDLIKSKYKVDWKNPNPKDKVKCTQEILNEIATEVALNAMENYEMFPTALEDHFGGSQRASVIAACTGITGAIATGNSNAGLNAWYLAMLLHKEGWSRLGFFGYDLQDQCGSANSLAIRPDEGCIGELRGANYPNYAM
A0A1L5YJX6_9EURY Unreviewed; 254 AA.,A0A1L5YJX6;,,RecName: Full=Coenzyme-B sulfoethylthiotransferase ; Flags: Fragment;,Name=mcrA ;,uncultured Methanosarcinales archaeon.,,Archaea; Euryarchaeota; Stenosarchaea group; Methanomicrobia; Methanosarcinales; environmental samples.,,,,NUCLEOTIDE SEQUENCE.,,,,Chen Y.;,"Methanogenenic communities from Huixian karst wetland; Guilin; China.";,,-!- CATALYTIC ACTIVITY: Reaction=coenzyme B + methyl-coenzyme M = coenzyme M-coenzyme B heterodisulfide + methane; Xref=Rhea:RHEA:12532; ChEBI:CHEBI:16183; ChEBI:CHEBI:58286; ChEBI:CHEBI:58411; ChEBI:CHEBI:58596; EC=2.8.4.1; Evidence= .,,DOMAIN 1..41 /note="MCR_alpha_N" /evidence="ECO:0000259|Pfam:PF02745" DOMAIN 89..215 /note="MCR_alpha" /evidence="ECO:0000259|Pfam:PF02249" NON_TER 1 /evidence="ECO:0000313|EMBL:APP91413.1" NON_TER 254 /evidence="ECO:0000313|EMBL:APP91413.1",3: Inferred from homology;,Metal-binding .,SEQUENCE 254 AA; 27307 MW,AMQIGMSFISAYHMCAGEAAVGELAFTAKHAGLVEMGDMIPARRARGPNEPGGLSFGHMADIVQTNRKKPDQPEEVVCAVASAASMLYDQIWLGGYMSGGVGFTMYATPAYTNDILDDYLYWGYDYARKKYGKLGSAKATIETVKDIGTETTLYGLEAYEKYPTTLEDHFGGSQRATVLALAAGSATAAATGHSNAGLSAWYLSMYLHKEAWGRLGFYGYDLQDQCGATNVFSIASDEGCIGECRGANYPNYAM
A0A1L5YK27_9EURY Unreviewed; 254 AA.,A0A1L5YK27;,,RecName: Full=Coenzyme-B sulfoethylthiotransferase ; Flags: Fragment;,Name=mcrA ;,uncultured Methanosarcinales archaeon.,,Archaea; Euryarchaeota; Stenosarchaea group; Methanomicrobia; Methanosarcinales; environmental samples.,,,,NUCLEOTIDE SEQUENCE.,,,,Chen Y.;,"Methanogenenic communities from Huixian karst wetland; Guilin; China.";,,-!- CATALYTIC ACTIVITY: Reaction=coenzyme B + methyl-coenzyme M = coenzyme M-coenzyme B heterodisulfide + methane; Xref=Rhea:RHEA:12532; ChEBI:CHEBI:16183; ChEBI:CHEBI:58286; ChEBI:CHEBI:58411; ChEBI:CHEBI:58596; EC=2.8.4.1; Evidence= .,,DOMAIN 1..41 /note="MCR_alpha_N" /evidence="ECO:0000259|Pfam:PF02745" DOMAIN 89..215 /note="MCR_alpha" /evidence="ECO:0000259|Pfam:PF02249" NON_TER 1 /evidence="ECO:0000313|EMBL:APP91469.1" NON_TER 254 /evidence="ECO:0000313|EMBL:APP91469.1",3: Inferred from homology;,Metal-binding .,SEQUENCE 254 AA; 27204 MW,AMQIGMSFISAYHMCAGEAAVGELAFTAKHAGLVEMGDMIPARRARGPNEPGGLSFGHMCDIVQTSRKTPDDPCNVVLQLASAASMLYDQIWLGGYMSGGVGFTMYATPAYTNDILDDYVYWGADYCQKKYGKPGSAKATIETVKDIGTEVTLYGIEAYEKYPTTLEDHFGGSQRATVLALAAGSAAAMATGHSNAGLSAWYLSMYLHKEAWGRLGFYGYDLQDQCGATNVFSLGSDEGCLGEVRGANYPNYAM
C5IL98_9EURY Unreviewed; 254 AA.,C5IL98;,,RecName: Full=Coenzyme-B sulfoethylthiotransferase ; Flags: Fragment;,Name=mcrA ;,uncultured euryarchaeote.,,Archaea; Euryarchaeota; environmental samples.,,,,NUCLEOTIDE SEQUENCE.,STRAIN=DGGE gel band mcrA_260m_p1_8_TypeI ;,,,Buergmann H.; Schmid M.; Kessler J.; Pack M.; Reeburgh B.; Schubert C.; Vazquez F.; Buergmann H.;,"Methane sources and sinks in Lake Kivu.";,,-!- CATALYTIC ACTIVITY: Reaction=coenzyme B + methyl-coenzyme M = coenzyme M-coenzyme B heterodisulfide + methane; Xref=Rhea:RHEA:12532; ChEBI:CHEBI:16183; ChEBI:CHEBI:58286; ChEBI:CHEBI:58411; ChEBI:CHEBI:58596; EC=2.8.4.1; Evidence= .,,DOMAIN 2..41 /note="MCR_alpha_N" /evidence="ECO:0000259|Pfam:PF02745" DOMAIN 89..215 /note="MCR_alpha" /evidence="ECO:0000259|Pfam:PF02249" NON_TER 1 /evidence="ECO:0000313|EMBL:ACR61626.1" NON_TER 254 /evidence="ECO:0000313|EMBL:ACR61626.1",3: Inferred from homology;,Metal-binding .,SEQUENCE 254 AA; 27718 MW,RMQIGMSFINAYKMCAGESATGEFAFMAKHASVIMMSNYMPVRRARAHNEPGGMPLGICDDCTRSPALFPNDPVRAELEAIAIAADVYDQLWFGTYMSGGVGFTQYASATYTDNILEDFCYKGEEIALDMFGKHCGAEPSMENIEKLIRAESDYCLTQYEAYPTVAESHFGGSVRACCQSAGCGTAVACATGCAECTLNGWGLAQLLHYASVGRLGFYGYDLQDQCTSSTSFAYRSDENQAFETRGVNYPNYAM
A0A1L5YK73_9EURY Unreviewed; 254 AA.,A0A1L5YK73;,,RecName: Full=Coenzyme-B sulfoethylthiotransferase ; Flags: Fragment;,Name=mcrA ;,uncultured Methanomicrobiales archaeon.,,Archaea; Euryarchaeota; Stenosarchaea group; Methanomicrobia; Methanomicrobiales; environmental samples.,,,,NUCLEOTIDE SEQUENCE.,,,,Chen Y.;,"Methanogenenic communities from Huixian karst wetland; Guilin; China.";,,-!- CATALYTIC ACTIVITY: Reaction=coenzyme B + methyl-coenzyme M = coenzyme M-coenzyme B heterodisulfide + methane; Xref=Rhea:RHEA:12532; ChEBI:CHEBI:16183; ChEBI:CHEBI:58286; ChEBI:CHEBI:58411; ChEBI:CHEBI:58596; EC=2.8.4.1; Evidence= .,,DOMAIN 1..41 /note="MCR_alpha_N" /evidence="ECO:0000259|Pfam:PF02745" DOMAIN 89..215 /note="MCR_alpha" /evidence="ECO:0000259|Pfam:PF02249" NON_TER 1 /evidence="ECO:0000313|EMBL:APP91520.1" NON_TER 254 /evidence="ECO:0000313|EMBL:APP91520.1",3: Inferred from homology;,Metal-binding .,SEQUENCE 254 AA; 27259 MW,AMQIGMSFIGAYKMCAGEAAVADLAFAAKHAGVIQMADILPARRARGPNEPGGIKFGHFCDMVQSDRKYPNDPVRSSLEIVAAGTMLFDQIWLGSYMSGGVGFTQYATAAYTDNILDDYTAYGVDYIKKKHGGIAKAKATQEVVSDIATEVNLYGMEQYETYPTALESHFGGSQRASVLAAASGISCALATANSNAGLNGWYLSMLMHKEGWSRLGFFGYDLQDQCGSANSMSIRADEGLLGELRGPNYPNYAM
E9LU92_9EURY Unreviewed; 160 AA.,E9LU92;,,SubName: Full=Methyl-coenzyme M reductase alpha ; Flags: Fragment;,Name=mcrA ;,uncultured euryarchaeote.,,Archaea; Euryarchaeota; environmental samples.,,,,NUCLEOTIDE SEQUENCE. NUCLEOTIDE SEQUENCE.,,,,Bebout B.; Chanton J.; Kelley C.; Tazaz A.; Poole J.; Garcia-Maldonado J.Q.; Lopez-Cortes A.; Garcia-Maldonado J.Q.; Bebout B.;,"Methanogenesis in hypersaline environments - Analogs for ancient Mars?";,,,,DOMAIN 1..123 /note="MCR_alpha" /evidence="ECO:0000259|Pfam:PF02249" NON_TER 1 /evidence="ECO:0000313|EMBL:ADW11220.1" NON_TER 160 /evidence="ECO:0000313|EMBL:ADW11220.1",4: Predicted;,,SEQUENCE 160 AA; 17351 MW,GGVGFTQYATAAYTNNILDDNLYYDVEYINDKYDGAADKGIDNKVAPSMDVIKDIATESTLYGLENYEKYPVALEDHFGGSQRATVLSAAAGSAGSLATGNANAGLSAWYLCMYLHKEGHGRLGFFGFDLQDQCGATNIFSYQSDEGLPHELRGPNYPNY
A7BK49_9EURY Unreviewed; 144 AA.,A7BK49;,,SubName: Full=Methyl CoM reductase subunit alpha ; Flags: Fragment;,Name=mcrA ;,uncultured euryarchaeote.,,Archaea; Euryarchaeota; environmental samples.,,,,NUCLEOTIDE SEQUENCE.,,,,Nunoura T.; Oida H.; Miyazaki J.; Miyashita A.; Imachi H.; Takai K.;,"Quantification of mcrA by fluorescent PCR in methanogenic and methanotrophic microbial communities.";,,,,DOMAIN 2..113 /note="MCR_alpha" /evidence="ECO:0000259|Pfam:PF02249" NON_TER 1 /evidence="ECO:0000313|EMBL:BAF74617.1" NON_TER 144 /evidence="ECO:0000313|EMBL:BAF74617.1",4: Predicted;,,SEQUENCE 144 AA; 15699 MW,MYATAAYTNNTVDDNLYADTEYGWDTYGTSIGNVKAPTLDIIKDIGTWGALYGLELYENYPTALEDHFGGSQRATVISTATRAACAITTGNSNAGLSAWYLSMYLHKEAHGRLGFFGYDLQDQCGATNVFSYQSDEGLLAEMRG
L0AR01_9EURY Unreviewed; 163 AA.,L0AR01;,,RecName: Full=Coenzyme-B sulfoethylthiotransferase ; Flags: Fragment;,Name=mcrA ;,uncultured Methanomicrobiales archaeon.,,Archaea; Euryarchaeota; Stenosarchaea group; Methanomicrobia; Methanomicrobiales; environmental samples.,,,,NUCLEOTIDE SEQUENCE.,,,,Prasanna Kumar C.;,"Methanogenic archaeal phylogeny in OMZ sediments of Bay of Bengal.";,,-!- CATALYTIC ACTIVITY: Reaction=coenzyme B + methyl-coenzyme M = coenzyme M-coenzyme B heterodisulfide + methane; Xref=Rhea:RHEA:12532; ChEBI:CHEBI:16183; ChEBI:CHEBI:58286; ChEBI:CHEBI:58411; ChEBI:CHEBI:58596; EC=2.8.4.1; Evidence= .,,DOMAIN 1..23 /note="MCR_alpha_N" /evidence="ECO:0000259|Pfam:PF02745" DOMAIN 71..163 /note="MCR_alpha" /evidence="ECO:0000259|Pfam:PF02249" NON_TER 1 /evidence="ECO:0000313|EMBL:AFZ76933.1" NON_TER 163 /evidence="ECO:0000313|EMBL:AFZ76933.1",3: Inferred from homology;,Metal-binding .,SEQUENCE 163 AA; 17936 MW,AAVADLAFAAKHAGVIQMGDILPARRARGPNEPGGIKFGHFADMIQADRKYPNDPARATLEVVGAGAMLFDQIWLGSYMSGGVGFTQYATAAYTDNILDDYTYYGMDYIKSKYKVNWQSPSEKDKVKATQDVVNDIATEVNLYGMEQYEQYPTALEDHFGGSQ
A8UQD5_9EURY Unreviewed; 160 AA.,A8UQD5;,,SubName: Full=Methyl-coenzyme M reductase alpha ; Flags: Fragment;,Name=mcrA ;,uncultured euryarchaeote.,,Archaea; Euryarchaeota; environmental samples.,,,,NUCLEOTIDE SEQUENCE. NUCLEOTIDE SEQUENCE. NUCLEOTIDE SEQUENCE.,,,,Bebout B.M.; Smith J.M.; Kelley C.A.; Potter E.; Spear J.; Sahl J.; Bebout B.; Chanton J.; Kelley C.; Tazaz A.; Poole J.; Garcia-Maldonado J.Q.; Lopez-Cortes A.; Garcia-Maldonado J.Q.; Bebout B.;,"Salinity controls the isotopic composition of methane and the methanogen community structure in a hypersaline ecosystem."; "Methanogenesis in hypersaline environments - Analogs for ancient Mars?";,,,,DOMAIN 1..123 /note="MCR_alpha" /evidence="ECO:0000259|Pfam:PF02249" NON_TER 1 /evidence="ECO:0000313|EMBL:ABW73328.1" NON_TER 160 /evidence="ECO:0000313|EMBL:ABW73328.1",4: Predicted;,,SEQUENCE 160 AA; 17339 MW,GGVGFTQYATAAYTNNILDDNLYYDVEYINDKYDGAADKGIDNKVAPSMDVIKDIATESTLYGLENYEKYPVALEDHFGGSQRATVLSAAAGSAGSLATGNANAGLSAWYLCMYLHKEGHGRLGFFGFDLQDQCGATNTFSYQSDEGLPHELRGPNYPNY
A0A2D3I266_9EURY Unreviewed; 156 AA.,A0A2D3I266;,,SubName: Full=Methyl coenzyme M reductase ; Flags: Fragment;,,uncultured euryarchaeote.,,Archaea; Euryarchaeota; environmental samples.,,,,NUCLEOTIDE SEQUENCE.,,,,Chen X.; Sun J.;,"The invasion of Spartina alterniflora change the community composition of methanogens in Chongming wetland.";,,,,DOMAIN 1..117 /note="MCR_alpha" /evidence="ECO:0000259|Pfam:PF02249" NON_TER 1 /evidence="ECO:0000313|EMBL:ATU81411.1" NON_TER 156 /evidence="ECO:0000313|EMBL:ATU81411.1",4: Predicted;,,SEQUENCE 156 AA; 16855 MW,GGVGFTQYATAAYTDNILDDYTEYGIDYVKKKHGGIAKAKSTQEVVSDIATEVNLYGMEQYETYPTALESHFGGSQRASVLAAASGISCAMATANSNAGLNGWYLSMLMHKEGWSRLGFFGYDLQDQCGSANSMSIRPDEGLLGELRGPNYPNYAM
A2TIH0_9EURY Unreviewed; 158 AA.,A2TIH0;,,SubName: Full=Methyl-coenzyme M reductase ; Flags: Fragment;,Name=mcrA ;,uncultured euryarchaeote.,,Archaea; Euryarchaeota; environmental samples.,,,,NUCLEOTIDE SEQUENCE.,,,,Smith J.M.; Green S.J.; Kelley C.A.; Prufert-Bebout L.; Bebout B.M.;,"Shifts in methanogen community structure and function associated with long-term manipulation of sulfate and salinity in a hypersaline microbial mat.";,,,,DOMAIN 1..120 /note="MCR_alpha" /evidence="ECO:0000259|Pfam:PF02249" NON_TER 1 /evidence="ECO:0000313|EMBL:ABM91296.1" NON_TER 158 /evidence="ECO:0000313|EMBL:ABM91296.1",4: Predicted;,,SEQUENCE 158 AA; 17516 MW,FTQYATAAYTDNILDEYTYYGMDYLKDKYGVDWQNPSPGDRVKASQEVVNDLATEVCINANEQYEQFPTLMEDHFGGSQRAGVNAAACGLTCSIGTGNSNAGLNGWYLSMLMHKENWSRLGFFGYDLQDQCGSTNSLSVRPDEGLIGELRGPNYPNYA
L0AQC3_9EURY Unreviewed; 160 AA.,L0AQC3;,,RecName: Full=Coenzyme-B sulfoethylthiotransferase ; Flags: Fragment;,Name=mcrA ;,uncultured Methanomicrobiales archaeon.,,Archaea; Euryarchaeota; Stenosarchaea group; Methanomicrobia; Methanomicrobiales; environmental samples.,,,,NUCLEOTIDE SEQUENCE.,,,,Prasanna Kumar C.;,"Methanogenic archaeal phylogeny in OMZ sediments of Bay of Bengal.";,,-!- CATALYTIC ACTIVITY: Reaction=coenzyme B + methyl-coenzyme M = coenzyme M-coenzyme B heterodisulfide + methane; Xref=Rhea:RHEA:12532; ChEBI:CHEBI:16183; ChEBI:CHEBI:58286; ChEBI:CHEBI:58411; ChEBI:CHEBI:58596; EC=2.8.4.1; Evidence= .,,DOMAIN 1..23 /note="MCR_alpha_N" /evidence="ECO:0000259|Pfam:PF02745" DOMAIN 71..160 /note="MCR_alpha" /evidence="ECO:0000259|Pfam:PF02249" NON_TER 1 /evidence="ECO:0000313|EMBL:AFZ76935.1" NON_TER 160 /evidence="ECO:0000313|EMBL:AFZ76935.1",3: Inferred from homology;,Metal-binding .,SEQUENCE 160 AA; 17664 MW,AAVADLAFAAKHAGVIQMGDILPARRARGPNEPGGIKFGHFADMIQADRKYPNDPARATLEVVGAGAMLFDQIWLGSYMSGGVGFTQYATAAYTDNILDDYTYYGMDYIKSKYKVNWQSPSEKDKVKATQDVVNDIATEVNLYGMEQYEQYPTALEDHFG
A0A1L5YK62_9EURY Unreviewed; 254 AA.,A0A1L5YK62;,,RecName: Full=Coenzyme-B sulfoethylthiotransferase ; Flags: Fragment;,Name=mcrA ;,uncultured Methanomicrobiales archaeon.,,Archaea; Euryarchaeota; Stenosarchaea group; Methanomicrobia; Methanomicrobiales; environmental samples.,,,,NUCLEOTIDE SEQUENCE.,,,,Chen Y.;,"Methanogenenic communities from Huixian karst wetland; Guilin; China.";,,-!- CATALYTIC ACTIVITY: Reaction=coenzyme B + methyl-coenzyme M = coenzyme M-coenzyme B heterodisulfide + methane; Xref=Rhea:RHEA:12532; ChEBI:CHEBI:16183; ChEBI:CHEBI:58286; ChEBI:CHEBI:58411; ChEBI:CHEBI:58596; EC=2.8.4.1; Evidence= .,,DOMAIN 1..41 /note="MCR_alpha_N" /evidence="ECO:0000259|Pfam:PF02745" DOMAIN 89..215 /note="MCR_alpha" /evidence="ECO:0000259|Pfam:PF02249" NON_TER 1 /evidence="ECO:0000313|EMBL:APP91516.1" NON_TER 254 /evidence="ECO:0000313|EMBL:APP91516.1",3: Inferred from homology;,Metal-binding .,SEQUENCE 254 AA; 27366 MW,AMQIGMSFIGAYKMCAGEAAVADLAFAAKHAGVIQMADILPARRARGPNEPGGIKFGHFCDMIQGDRKYPNDPVRANLEVVAAGAMLFDQIWLGSYMSGGVGFTQYATAAYTDNILDDYCEYGLDYIKKKHGGIAKAKPTQEVVSDIATEVNLYGMEQYETYPTALESHFGGSQRASVLAAASGLTCSLATANSNAGLNGWYLSMLMHKEGWSRLGFFGYDLQDQCGSANSMSIRPDEGLLGELRGPNYPNYAM
C5IL93_9EURY Unreviewed; 261 AA.,C5IL93;,,RecName: Full=Coenzyme-B sulfoethylthiotransferase ; Flags: Fragment;,Name=mcrA ;,uncultured euryarchaeote.,,Archaea; Euryarchaeota; environmental samples.,,,,NUCLEOTIDE SEQUENCE.,STRAIN=DGGE gel band mcrA_240m_p1_7_TypeC ;,,,Buergmann H.; Schmid M.; Kessler J.; Pack M.; Reeburgh B.; Schubert C.; Vazquez F.; Buergmann H.;,"Methane sources and sinks in Lake Kivu.";,,-!- CATALYTIC ACTIVITY: Reaction=coenzyme B + methyl-coenzyme M = coenzyme M-coenzyme B heterodisulfide + methane; Xref=Rhea:RHEA:12532; ChEBI:CHEBI:16183; ChEBI:CHEBI:58286; ChEBI:CHEBI:58411; ChEBI:CHEBI:58596; EC=2.8.4.1; Evidence= .,,DOMAIN 2..41 /note="MCR_alpha_N" /evidence="ECO:0000259|Pfam:PF02745" DOMAIN 89..222 /note="MCR_alpha" /evidence="ECO:0000259|Pfam:PF02249" NON_TER 1 /evidence="ECO:0000313|EMBL:ACR61621.1" NON_TER 261 /evidence="ECO:0000313|EMBL:ACR61621.1",3: Inferred from homology;,Metal-binding .,SEQUENCE 261 AA; 28494 MW,RMQIGMSFIGAYKMCAGEAAVADLAFAAKHAGVIQMADILPARRARGPNEPGGIKFGHFADMIQGDRKYPHDPARASLEVVGAGTMLFDQIWLGSYMSGGVGFTQYATAAYTDNILDDYTYYGMDLIKDKYKVDWRNPNAKDRLKPTQDLVNELATEVTLNAMEQYEQFPTLMEDHFGGSQRAGVIAAASGLTCGIATANSNAGLNGWYMSMLAHKEGWSRLGFFGYDLQDQCGSANSLSIRPDEGCVGEFRGPNYPNYAM
A0A023T5G0_9EURY Unreviewed; 118 AA.,A0A023T5G0;,,SubName: Full=Methyl coenzyme M reductase subunit A ; Flags: Fragment;,Name=mcrA ;,uncultured Methanosarcina sp.,,Archaea; Euryarchaeota; Stenosarchaea group; Methanomicrobia; Methanosarcinales; Methanosarcinaceae; Methanosarcina; environmental samples.,,,,NUCLEOTIDE SEQUENCE.,,,,Munk B.; Lebuhn M.;,"Process diagnosis using methanogenic Archaea in maize-fed; trace element depleted fermenters.";,,,,DOMAIN 1..118 /note="MCR_alpha" /evidence="ECO:0000259|Pfam:PF02249" NON_TER 1 /evidence="ECO:0000313|EMBL:AHX83334.1" NON_TER 118 /evidence="ECO:0000313|EMBL:AHX83334.1",2: Evidence at transcript level;,,SEQUENCE 118 AA; 12796 MW,TQYATAAYTDDILDNNTYYNVDYINDKYNGAAKVGKDNKIKATLEVVKDIATESTIYGIETYEKFPTALEDHFGGSQRATVLAAAAGVATALATGNANAGLSGWYLSMYLHKEAWGRL
A0A1L5YJU0_9EURY Unreviewed; 254 AA.,A0A1L5YJU0;,,RecName: Full=Coenzyme-B sulfoethylthiotransferase ; Flags: Fragment;,Name=mcrA ;,uncultured Methanomicrobiales archaeon.,,Archaea; Euryarchaeota; Stenosarchaea group; Methanomicrobia; Methanomicrobiales; environmental samples.,,,,NUCLEOTIDE SEQUENCE.,,,,Chen Y.;,"Methanogenenic communities from Huixian karst wetland; Guilin; China.";,,-!- CATALYTIC ACTIVITY: Reaction=coenzyme B + methyl-coenzyme M = coenzyme M-coenzyme B heterodisulfide + methane; Xref=Rhea:RHEA:12532; ChEBI:CHEBI:16183; ChEBI:CHEBI:58286; ChEBI:CHEBI:58411; ChEBI:CHEBI:58596; EC=2.8.4.1; Evidence= .,,DOMAIN 1..41 /note="MCR_alpha_N" /evidence="ECO:0000259|Pfam:PF02745" DOMAIN 89..215 /note="MCR_alpha" /evidence="ECO:0000259|Pfam:PF02249" NON_TER 1 /evidence="ECO:0000313|EMBL:APP91387.1" NON_TER 254 /evidence="ECO:0000313|EMBL:APP91387.1",3: Inferred from homology;,Metal-binding .,SEQUENCE 254 AA; 27511 MW,AMQIGMSYIGAYRMCAGEAATADLAFAAKHAGLIEMANLLPARRARGPNEPGGLKFGLFSDIVQTDRKYPNDPVKSSLEVVAAGTMLFDQIWLGSYMSGGVGFTQYATAAYTDNVLDDYCYYGQDYVKDKYKGWTKAPATQAAVNDIATEVTLYGMEQYENFPSLLEDHFGGSQRASVLAAAAGLTTAMATANSNAGLNGWYLSMLLHKEGWSRLGFYGYDLQDQCGSANCMAIRSDEGLITELRGANYPNYAM
Q2ERZ4_9EURY Unreviewed; 253 AA.,Q2ERZ4;,,RecName: Full=Coenzyme-B sulfoethylthiotransferase ; Flags: Fragment;,Name=mcrA ;,uncultured euryarchaeote.,,Archaea; Euryarchaeota; environmental samples.,,,,NUCLEOTIDE SEQUENCE.,,,,Lee S.-H.; Kim S.-Y.; Kang H.;,"Impact of elevated atmospheric CO2 on diversity of methanogens in wetland ecosystem.";,,-!- CATALYTIC ACTIVITY: Reaction=coenzyme B + methyl-coenzyme M = coenzyme M-coenzyme B heterodisulfide + methane; Xref=Rhea:RHEA:12532; ChEBI:CHEBI:16183; ChEBI:CHEBI:58286; ChEBI:CHEBI:58411; ChEBI:CHEBI:58596; EC=2.8.4.1; Evidence= .,,DOMAIN 1..41 /note="MCR_alpha_N" /evidence="ECO:0000259|Pfam:PF02745" DOMAIN 89..214 /note="MCR_alpha" /evidence="ECO:0000259|Pfam:PF02249" NON_TER 1 /evidence="ECO:0000313|EMBL:ABD18734.1" NON_TER 253 /evidence="ECO:0000313|EMBL:ABD18734.1",3: Inferred from homology;,Metal-binding .,SEQUENCE 253 AA; 27455 MW,AMQIGMSFIDAYKMCAGEAAVADLAFAAKHAALVEMADILPARRARGPNEPGGLPFGYLADIVQTNRKYPDDPVKSSLEVVASGCMLYDQIWLGSYMSGGVGFTQYATAAYTDDILDDFTYYGYDYAKGKYKIGATKPTMDIVNDLGTEVTLYGIEQYEKYPTTLEDHFGGSQRATVLSAAAGVTTSLATGNANAGLSAWYLSMYLHKEAWGRLGFFGYDLQDQCGATNVFSCRSDEGAMDELRGPNYPNYAM
E9LU99_9EURY Unreviewed; 160 AA.,E9LU99;,,SubName: Full=Methyl-coenzyme M reductase alpha ; Flags: Fragment;,Name=mcrA ;,uncultured euryarchaeote.,,Archaea; Euryarchaeota; environmental samples.,,,,NUCLEOTIDE SEQUENCE. NUCLEOTIDE SEQUENCE.,,,,Bebout B.; Chanton J.; Kelley C.; Tazaz A.; Poole J.; Garcia-Maldonado J.Q.; Lopez-Cortes A.; Garcia-Maldonado J.Q.; Bebout B.;,"Methanogenesis in hypersaline environments - Analogs for ancient Mars?";,,,,DOMAIN 1..122 /note="MCR_alpha" /evidence="ECO:0000259|Pfam:PF02249" NON_TER 1 /evidence="ECO:0000313|EMBL:ADW11227.1" NON_TER 160 /evidence="ECO:0000313|EMBL:ADW11227.1",4: Predicted;,,SEQUENCE 160 AA; 17353 MW,GVGFTQYATAAYTNNILDDNLYYDVEYINDKYDGAADKGIDNKVAPSMDVIKDIATESTLYGLENYEKYPVALEDHFGGSQRATVLSAAAGSAGSLATGNANAGLSAWYLCMYLHKEGHGRLGFFGFDLQDQCGATNTFSYQSDEGLPHELRGPNYPNYA
Q2ERZ6_9EURY Unreviewed; 260 AA.,Q2ERZ6;,,RecName: Full=Coenzyme-B sulfoethylthiotransferase ; Flags: Fragment;,Name=mcrA ;,uncultured euryarchaeote.,,Archaea; Euryarchaeota; environmental samples.,,,,NUCLEOTIDE SEQUENCE.,,,,Lee S.-H.; Kim S.-Y.; Kang H.;,"Impact of elevated atmospheric CO2 on diversity of methanogens in wetland ecosystem.";,,-!- CATALYTIC ACTIVITY: Reaction=coenzyme B + methyl-coenzyme M = coenzyme M-coenzyme B heterodisulfide + methane; Xref=Rhea:RHEA:12532; ChEBI:CHEBI:16183; ChEBI:CHEBI:58286; ChEBI:CHEBI:58411; ChEBI:CHEBI:58596; EC=2.8.4.1; Evidence= .,,DOMAIN 1..41 /note="MCR_alpha_N" /evidence="ECO:0000259|Pfam:PF02745" DOMAIN 89..221 /note="MCR_alpha" /evidence="ECO:0000259|Pfam:PF02249" NON_TER 1 /evidence="ECO:0000313|EMBL:ABD18732.1" NON_TER 260 /evidence="ECO:0000313|EMBL:ABD18732.1",3: Inferred from homology;,Metal-binding .,SEQUENCE 260 AA; 27794 MW,AMQIGMSFISAYNMCAGEAAVADLSFAAKHAALVSMGEMLPARRARGPNEPGGLSFGHLSDIVQTSRTVTDDPAKVALEVVGAGCMLYDQIWLGSYMSGGVGFTQYATAAYTDDILDNNLYYNVDYINQKYSDAAKVGKDNKVKATLDVVKDIATESTIFGIETYEKYPTALEDHFGGSQRATVLAAAAGCAVSLATANANAGLSGWYLSMYLHKEAWGRLGFFGYGLQDQCGATNILSYQGDEGLPDELRGPNYPNYAM
A8USE4_9EURY Unreviewed; 155 AA.,A8USE4;,,SubName: Full=Methyl-coenzyme M reductase alpha ; Flags: Fragment;,Name=mcrA ;,uncultured euryarchaeote.,,Archaea; Euryarchaeota; environmental samples.,,,,NUCLEOTIDE SEQUENCE.,,,,Bebout B.M.; Smith J.M.; Kelley C.A.; Potter E.; Spear J.; Sahl J.;,"Salinity controls the isotopic composition of methane and the methanogen community structure in a hypersaline ecosystem.";,,,,DOMAIN 1..123 /note="MCR_alpha" /evidence="ECO:0000259|Pfam:PF02249" NON_TER 1 /evidence="ECO:0000313|EMBL:ABW73509.1" NON_TER 155 /evidence="ECO:0000313|EMBL:ABW73509.1",4: Predicted;,,SEQUENCE 155 AA; 16687 MW,GGVGFTQYATAAYTNNILDDNLYYDVEYINDKYDGAADKGIDNKVAPSMDVIKDIATESTLYGLENYEKYPVALEDHFGGSQRATVLSAAAGSAGSLATGNANAGLSAWYLCMYLHKEGHGRLGFFGFDLQDQCGATNTFSYQSDEGLPHELRGP
A8UQB4_9EURY Unreviewed; 160 AA.,A8UQB4;,,SubName: Full=Methyl-coenzyme M reductase alpha ; Flags: Fragment;,Name=mcrA ;,uncultured euryarchaeote.,,Archaea; Euryarchaeota; environmental samples.,,,,NUCLEOTIDE SEQUENCE.,,,,Bebout B.M.; Smith J.M.; Kelley C.A.; Potter E.; Spear J.; Sahl J.;,"Salinity controls the isotopic composition of methane and the methanogen community structure in a hypersaline ecosystem.";,,,,DOMAIN 1..123 /note="MCR_alpha" /evidence="ECO:0000259|Pfam:PF02249" NON_TER 1 /evidence="ECO:0000313|EMBL:ABW73322.1" NON_TER 160 /evidence="ECO:0000313|EMBL:ABW73322.1",4: Predicted;,,SEQUENCE 160 AA; 17276 MW,GGVGFTQYATAAYCNNILDDNLYYNVDYINDKYDGAANKGTDNKIEANLDVVKDIATESTIYGIENYEKYPTTLEDHFGGSQRATSLSAAAGSAVSIATGNGNAGLSGWYLSMYLHKEALGRLGFFGFDLQDQCGATNVLSYQSDEGLALELRGPNYPNY
A0A2D3I2H0_9EURY Unreviewed; 162 AA.,A0A2D3I2H0;,,SubName: Full=Methyl coenzyme M reductase ; Flags: Fragment;,,uncultured euryarchaeote.,,Archaea; Euryarchaeota; environmental samples.,,,,NUCLEOTIDE SEQUENCE.,,,,Chen X.; Sun J.;,"The invasion of Spartina alterniflora change the community composition of methanogens in Chongming wetland.";,,,,DOMAIN 1..123 /note="MCR_alpha" /evidence="ECO:0000259|Pfam:PF02249" NON_TER 1 /evidence="ECO:0000313|EMBL:ATU81503.1" NON_TER 162 /evidence="ECO:0000313|EMBL:ATU81503.1",4: Predicted;,,SEQUENCE 162 AA; 17498 MW,GGVGFTQYATAAYTDDILDNNIYYDVDYINDKYNGAATIGKDNKVKATLDVVKDIATESTLYGIETYEKFPTALEDHFGGSQRATVLAAAAGVATALATANANAGLSGWYLSMYLHKEAWGRLGFFGYDLQDQCGATNVLSYQGDEGLPDELRGPNYPNYAM
E7EJD7_9EURY Unreviewed; 254 AA.,E7EJD7;,,RecName: Full=Coenzyme-B sulfoethylthiotransferase ; Flags: Fragment;,Name=mcrA ;,uncultured Methanomicrobiales archaeon.,,Archaea; Euryarchaeota; Stenosarchaea group; Methanomicrobia; Methanomicrobiales; environmental samples.,,,,NUCLEOTIDE SEQUENCE.,,,,Ngatchou Djao O.D.; Yasawong M.; Kotsyurbenko O.R.; Conrad R.; Chansiri K.;,"Methanogenesis in Mae Wong Hot spring in Thailand.";,,-!- CATALYTIC ACTIVITY: Reaction=coenzyme B + methyl-coenzyme M = coenzyme M-coenzyme B heterodisulfide + methane; Xref=Rhea:RHEA:12532; ChEBI:CHEBI:16183; ChEBI:CHEBI:58286; ChEBI:CHEBI:58411; ChEBI:CHEBI:58596; EC=2.8.4.1; Evidence= .,,DOMAIN 1..41 /note="MCR_alpha_N" /evidence="ECO:0000259|Pfam:PF02745" DOMAIN 89..215 /note="MCR_alpha" /evidence="ECO:0000259|Pfam:PF02249" NON_TER 1 /evidence="ECO:0000313|EMBL:ADV19103.1" NON_TER 254 /evidence="ECO:0000313|EMBL:ADV19103.1",3: Inferred from homology;,Metal-binding .,SEQUENCE 254 AA; 27360 MW,AMQIGMSFIGAYKMCAGEAAVADLAFTAKHAGMVEMATILPARRARGPNEPGGIKFGHFADMIQSDRKYPNDPVRSSLEIVAGGCMLFDQIWLGSYMSGGVGFTQYATAAYTDNILDDYTAYGVDYVKKKYGGLAKTKPTQDVVNDIASEVTLYGMEQYEEFPTALESHFGGSQRATVLAAASGVTTALATANSNAGLNGWYLSMLLHKDGWSRLGFYGFDLQDQCGTTNSLSYRSDEGAIGELRGPNYPNYAM
A8URD8_9EURY Unreviewed; 154 AA.,A8URD8;,,SubName: Full=Methyl-coenzyme M reductase alpha ; Flags: Fragment;,Name=mcrA ;,uncultured euryarchaeote.,,Archaea; Euryarchaeota; environmental samples.,,,,NUCLEOTIDE SEQUENCE.,,,,Bebout B.M.; Smith J.M.; Kelley C.A.; Potter E.; Spear J.; Sahl J.;,"Salinity controls the isotopic composition of methane and the methanogen community structure in a hypersaline ecosystem.";,,,,DOMAIN 1..117 /note="MCR_alpha" /evidence="ECO:0000259|Pfam:PF02249" NON_TER 1 /evidence="ECO:0000313|EMBL:ABW73429.1" NON_TER 154 /evidence="ECO:0000313|EMBL:ABW73429.1",4: Predicted;,,SEQUENCE 154 AA; 16897 MW,GGVGFTQYATAAYTDNILEDYTYWAADLVKDKFGGFAKMDPEINELMELVNKVNTYALSMYEEYPAAMEAHFGGSQRSTVCAAASAIAGAMATGSADVGVNCWYLSMVQHKERLGRLGFYGFDLQDMAGSTNSFAYRSDEGCPFEMRGPNYPNY
B3W006_9EURY Unreviewed; 157 AA.,B3W006;,,SubName: Full=Methyl coenzyme M reductase subunit A ; Flags: Fragment;,Name=mcrA ;,uncultured euryarchaeote.,,Archaea; Euryarchaeota; environmental samples.,,,,NUCLEOTIDE SEQUENCE. NUCLEOTIDE SEQUENCE.,,,,Evans P.; Hinds L.; Sly L.; McSweeney C.; Morrison M.; Wright A.-D.; Evans P.N.; Hinds L.A.; Sly L.I.; McSweeney C.S.; Morrison M.; Wright A.D.;,"Community composition and density of methanogens in the foregut of the Tammar wallaby (Macropus eugenii).";,,,,DOMAIN 1..118 /note="MCR_alpha" /evidence="ECO:0000259|Pfam:PF02249" NON_TER 1 /evidence="ECO:0000313|EMBL:ACF16834.1" NON_TER 157 /evidence="ECO:0000313|EMBL:ACF16834.1",4: Predicted;,,SEQUENCE 157 AA; 17251 MW,GGVGFTQYATAAYTDNILEGYIYHAVDVIKDRYGGFCGVKADDYAKQMALADEISSYALEMYERYPAVMETHFGGSQRATVTAASTGIATAFATGVADNGLNTWYQSMLQHKERTGRLGFYGFDLQDQCGSANSYSYRSDEGLPMELRGPNYPNYAM
A0A1L5YK05_9EURY Unreviewed; 254 AA.,A0A1L5YK05;,,RecName: Full=Coenzyme-B sulfoethylthiotransferase ; Flags: Fragment;,Name=mcrA ;,uncultured Methanosarcinales archaeon.,,Archaea; Euryarchaeota; Stenosarchaea group; Methanomicrobia; Methanosarcinales; environmental samples.,,,,NUCLEOTIDE SEQUENCE.,,,,Chen Y.;,"Methanogenenic communities from Huixian karst wetland; Guilin; China.";,,-!- CATALYTIC ACTIVITY: Reaction=coenzyme B + methyl-coenzyme M = coenzyme M-coenzyme B heterodisulfide + methane; Xref=Rhea:RHEA:12532; ChEBI:CHEBI:16183; ChEBI:CHEBI:58286; ChEBI:CHEBI:58411; ChEBI:CHEBI:58596; EC=2.8.4.1; Evidence= .,,DOMAIN 1..41 /note="MCR_alpha_N" /evidence="ECO:0000259|Pfam:PF02745" DOMAIN 89..215 /note="MCR_alpha" /evidence="ECO:0000259|Pfam:PF02249" NON_TER 1 /evidence="ECO:0000313|EMBL:APP91475.1" NON_TER 254 /evidence="ECO:0000313|EMBL:APP91475.1",3: Inferred from homology;,Metal-binding .,SEQUENCE 254 AA; 27237 MW,AMQIGMSFISAYHMCAGEAAVGELAFTAKHAGLVEMGDMIPARRARGPNEPGGLSFGHMCDIVQTSRKTPDDPVNVCLQLASAASMLYDQIWLGGYMSGGVGFTMYATPAYTNDILDDYTYWGADYAQKKYGKFGSAKATIETVKDIGTEVTLYGLESYEKYPTALEDHFGGSQRATVLAIAAGTSTSLATGHSNAGLSAWYLSMYLHKEAHGRLGFYGYDLQDQCGATNVFSIASDEGCIGECRGANYPNYAM
H9BV67_9EURY Unreviewed; 254 AA.,H9BV67;,,RecName: Full=Coenzyme-B sulfoethylthiotransferase ; Flags: Fragment;,Name=mcrA ;,uncultured Methanomicrobiales archaeon.,,Archaea; Euryarchaeota; Stenosarchaea group; Methanomicrobia; Methanomicrobiales; environmental samples.,,,,NUCLEOTIDE SEQUENCE.,,,,Ngatchou Djao O.D.; Kotsyurbenko O.; Ratering S.; Schnell S.; Conrad R.;,"Methane production; iron reduction and microbial community composition in the anoxic sediment of the 'killer lake' Lake Monoun.";,,-!- CATALYTIC ACTIVITY: Reaction=coenzyme B + methyl-coenzyme M = coenzyme M-coenzyme B heterodisulfide + methane; Xref=Rhea:RHEA:12532; ChEBI:CHEBI:16183; ChEBI:CHEBI:58286; ChEBI:CHEBI:58411; ChEBI:CHEBI:58596; EC=2.8.4.1; Evidence= .,,DOMAIN 1..41 /note="MCR_alpha_N" /evidence="ECO:0000259|Pfam:PF02745" DOMAIN 89..215 /note="MCR_alpha" /evidence="ECO:0000259|Pfam:PF02249" NON_TER 1 /evidence="ECO:0000313|EMBL:AFD09546.1" NON_TER 254 /evidence="ECO:0000313|EMBL:AFD09546.1",3: Inferred from homology;,Metal-binding .,SEQUENCE 254 AA; 27365 MW,AMQIGMSFIGAYKMCAGEAAVADLAFAAKHAGVIQMADILPARRARGPNEPGGIKFGHFCDMIQGDRKYPNDPVRANLEVVAAGAMLFDQIWLGSYMSGGVGFTQYATAAYTDNILDDYCEYGLDYIKKKHGGIAKAKSTQEVVSDIATEVNLYGMEQYEQYPTALESHFGGSQRASVLAAASGLTCSLATANSNAGLNGWYLSMLMHKEGWSRLGFFGYDLQDQCGSANSMSIRPDEGLLGELRGPNYPNYAI
A8US23_9EURY Unreviewed; 157 AA.,A8US23;,,SubName: Full=Methyl-coenzyme M reductase alpha ; Flags: Fragment;,Name=mcrA ;,uncultured euryarchaeote.,,Archaea; Euryarchaeota; environmental samples.,,,,NUCLEOTIDE SEQUENCE.,,,,Bebout B.M.; Smith J.M.; Kelley C.A.; Potter E.; Spear J.; Sahl J.;,"Salinity controls the isotopic composition of methane and the methanogen community structure in a hypersaline ecosystem.";,,,,DOMAIN 1..117 /note="MCR_alpha" /evidence="ECO:0000259|Pfam:PF02249" NON_TER 1 /evidence="ECO:0000313|EMBL:ABW73472.1" NON_TER 157 /evidence="ECO:0000313|EMBL:ABW73472.1",4: Predicted;,,SEQUENCE 157 AA; 17227 MW,GGVGFTQYATAAYTDNILEDYTYWAADLVKDKFGGFAKMDPEINELMELVNKVNTYALSMYEEYPAAMEAHFGGSQRSTVCAAASAIAGAMATGSADVGVNCWYLSMVQHKERLGRLGFYGFDLQDMAGSTNSFAYRSDEGCPFEMRGPNYPNYAMK
Q6L771_9EURY Unreviewed; 214 AA.,Q6L771;,,RecName: Full=Coenzyme-B sulfoethylthiotransferase ; Flags: Fragment;,Name=mcrA ;,uncultured Methanosarcinales archaeon.,,Archaea; Euryarchaeota; Stenosarchaea group; Methanomicrobia; Methanosarcinales; environmental samples.,,,,NUCLEOTIDE SEQUENCE.,,,,Shigematsu T.; Tang Y.; Kobayashi T.; Kawaguchi H.; Morimura S.; Kida K.;,"Effect of dilution rate on metabolic pathway shift between aceticlastic and nonaceticlastic methanogenesis in chemostat cultivation.";,,-!- CATALYTIC ACTIVITY: Reaction=coenzyme B + methyl-coenzyme M = coenzyme M-coenzyme B heterodisulfide + methane; Xref=Rhea:RHEA:12532; ChEBI:CHEBI:16183; ChEBI:CHEBI:58286; ChEBI:CHEBI:58411; ChEBI:CHEBI:58596; EC=2.8.4.1; Evidence= .,,DOMAIN 1..34 /note="MCR_alpha_N" /evidence="ECO:0000259|Pfam:PF02745" DOMAIN 81..213 /note="MCR_alpha" /evidence="ECO:0000259|Pfam:PF02249" NON_TER 1 /evidence="ECO:0000313|EMBL:BAD21116.1" NON_TER 214 /evidence="ECO:0000313|EMBL:BAD21116.1",2: Evidence at transcript level;,Metal-binding .,SEQUENCE 214 AA; 22648 MW,FISAYAMCAGEAAVADLSFAAKHAALVSMGEMLPARRARGPNEPGGLSFGHLSDIIQTSRTSQDPAKIALEVVGAGCMLYDQIWLGSYMSGGVGFTQYATAAYTDDILDNNVYYDVDYINDKYNGAANLGTDNKVKATLDVVKDIATESTLYGIETYEKFPTALEDHFGGSQRATVLAAAAGVACALGTANANAGLSGWYLSMYLHKEAWGRLG
A8US05_9EURY Unreviewed; 161 AA.,A8US05;,,SubName: Full=Methyl-coenzyme M reductase alpha ; Flags: Fragment;,Name=mcrA ;,uncultured euryarchaeote.,,Archaea; Euryarchaeota; environmental samples.,,,,NUCLEOTIDE SEQUENCE.,,,,Bebout B.M.; Smith J.M.; Kelley C.A.; Potter E.; Spear J.; Sahl J.;,"Salinity controls the isotopic composition of methane and the methanogen community structure in a hypersaline ecosystem.";,,,,DOMAIN 1..123 /note="MCR_alpha" /evidence="ECO:0000259|Pfam:PF02249" NON_TER 1 /evidence="ECO:0000313|EMBL:ABW73458.1" NON_TER 161 /evidence="ECO:0000313|EMBL:ABW73458.1",4: Predicted;,,SEQUENCE 161 AA; 17410 MW,GGVGFTQYATAAYTNNILDDNLYYDVEYINDKYDGAADKGIDNKVAPSMDVIKDIATESTLYGLENYEKYPVALEDHFGGSQRATVLSAAAGSAGSLATGNANAGLSAWYLCMYLHKEGHGRLGFFGFDLQDQCGATNTFSYQSDEGLPHELRGPNYPNYA
A0A023T5U8_9EURY Unreviewed; 118 AA.,A0A023T5U8;,,SubName: Full=Methyl coenzyme M reductase subunit A ; Flags: Fragment;,Name=mcrA ;,uncultured Methanosarcina sp.,,Archaea; Euryarchaeota; Stenosarchaea group; Methanomicrobia; Methanosarcinales; Methanosarcinaceae; Methanosarcina; environmental samples.,,,,NUCLEOTIDE SEQUENCE.,,,,Munk B.; Lebuhn M.;,"Process diagnosis using methanogenic Archaea in maize-fed; trace element depleted fermenters.";,,,,DOMAIN 1..118 /note="MCR_alpha" /evidence="ECO:0000259|Pfam:PF02249" NON_TER 1 /evidence="ECO:0000313|EMBL:AHX83267.1" NON_TER 118 /evidence="ECO:0000313|EMBL:AHX83267.1",4: Predicted;,,SEQUENCE 118 AA; 12784 MW,TQYATAAYTDDILDNNTYYNVDYINDKYNGAANVGKDNKVKATLDVVKDIATESTIYGIETYEKFPTALEDHFGGSQRATVLAAAAGVATALATSNANAGLSGWYLSMYLHKEAWGRL
A0A2D3I230_9EURY Unreviewed; 155 AA.,A0A2D3I230;,,SubName: Full=Methyl coenzyme M reductase ; Flags: Fragment;,,uncultured euryarchaeote.,,Archaea; Euryarchaeota; environmental samples.,,,,NUCLEOTIDE SEQUENCE.,,,,Chen X.; Sun J.;,"The invasion of Spartina alterniflora change the community composition of methanogens in Chongming wetland.";,,,,DOMAIN 1..116 /note="MCR_alpha" /evidence="ECO:0000259|Pfam:PF02249" NON_TER 1 /evidence="ECO:0000313|EMBL:ATU81370.1" NON_TER 155 /evidence="ECO:0000313|EMBL:ATU81370.1",4: Predicted;,,SEQUENCE 155 AA; 16770 MW,GGVGFTQYATAAYTDDILDDFSYYALDYVEKKYGRVGTKATMDVVEDVAGEVTLYSLEQYDEYPALLEDHFGGSQRAAVAAAASGIGVCMATGNSNAGVNGWYLSQVLHKEYHSRLGFYGYGLQDQCGASNSLAIRNDEAAPLELRGPNYPNYAM
A0A2D3I2K2_9EURY Unreviewed; 163 AA.,A0A2D3I2K2;,,SubName: Full=Methyl coenzyme M reductase ; Flags: Fragment;,,uncultured euryarchaeote.,,Archaea; Euryarchaeota; environmental samples.,,,,NUCLEOTIDE SEQUENCE.,,,,Chen X.; Sun J.;,"The invasion of Spartina alterniflora change the community composition of methanogens in Chongming wetland.";,,,,DOMAIN 1..124 /note="MCR_alpha" /evidence="ECO:0000259|Pfam:PF02249" NON_TER 1 /evidence="ECO:0000313|EMBL:ATU81551.1" NON_TER 163 /evidence="ECO:0000313|EMBL:ATU81551.1",4: Predicted;,,SEQUENCE 163 AA; 17935 MW,GGVGFTQYATAAYTDNILDEYTYYGMDYIKDKYKIDYKAVDPAQKIKPTQEIVNDIATEVTLNGMEQYEQFPTAMEDHFGGSQRAAVLAAASGISTAIATANSNAGLNGWYLSMLLHKEGWSRLGFFGYDLQDQCGSTNSLSVRPDEGCIGEFRGPNYPNYAM
A0A2D3I2A0_9EURY Unreviewed; 162 AA.,A0A2D3I2A0;,,SubName: Full=Methyl coenzyme M reductase ; Flags: Fragment;,,uncultured euryarchaeote.,,Archaea; Euryarchaeota; environmental samples.,,,,NUCLEOTIDE SEQUENCE.,,,,Chen X.; Sun J.;,"The invasion of Spartina alterniflora change the community composition of methanogens in Chongming wetland.";,,,,DOMAIN 1..123 /note="MCR_alpha" /evidence="ECO:0000259|Pfam:PF02249" NON_TER 1 /evidence="ECO:0000313|EMBL:ATU81432.1" NON_TER 162 /evidence="ECO:0000313|EMBL:ATU81432.1",4: Predicted;,,SEQUENCE 162 AA; 17454 MW,GGVGFTQYATAAYTDDILDNNVYYDVDYINDKYNGAANLGTDNKVKATLDVVKDIATESTLYGIETYEKFPTALEDHFGGSQRATVLAAAAGVAVALGTANANAGLSGWYLSMYLHKEAWGRLGFFGYDLQDQCGATNVLSYQGDEGLPDELRGPNYPNYAM
A0A2D3I2F0_9EURY Unreviewed; 156 AA.,A0A2D3I2F0;,,SubName: Full=Methyl coenzyme M reductase ; Flags: Fragment;,,uncultured euryarchaeote.,,Archaea; Euryarchaeota; environmental samples.,,,,NUCLEOTIDE SEQUENCE.,,,,Chen X.; Sun J.;,"The invasion of Spartina alterniflora change the community composition of methanogens in Chongming wetland.";,,,,DOMAIN 1..117 /note="MCR_alpha" /evidence="ECO:0000259|Pfam:PF02249" NON_TER 1 /evidence="ECO:0000313|EMBL:ATU81490.1" NON_TER 156 /evidence="ECO:0000313|EMBL:ATU81490.1",4: Predicted;,,SEQUENCE 156 AA; 16878 MW,GGVGFTQYATAAYTDNILDDYCYYGLDYVKKKHGGIGKAKSTQEAVTDIATEVNLYGMEQYEQYPTALESHFGGSQRASVLAAASGISCSLATANSNAGLNGWYLSMLMHKEGWSRLGFFGYDLQDQCGSANSMSIRPDEGCLGELRGPNYPNYAM
A0A2D3I276_9EURY Unreviewed; 162 AA.,A0A2D3I276;,,SubName: Full=Methyl coenzyme M reductase ; Flags: Fragment;,,uncultured euryarchaeote.,,Archaea; Euryarchaeota; environmental samples.,,,,NUCLEOTIDE SEQUENCE.,,,,Chen X.; Sun J.;,"The invasion of Spartina alterniflora change the community composition of methanogens in Chongming wetland.";,,,,DOMAIN 1..123 /note="MCR_alpha" /evidence="ECO:0000259|Pfam:PF02249" NON_TER 1 /evidence="ECO:0000313|EMBL:ATU81428.1" NON_TER 162 /evidence="ECO:0000313|EMBL:ATU81428.1",4: Predicted;,,SEQUENCE 162 AA; 17496 MW,GGVGFTQYATAAYTDDILDNNVYYNVDYINDKYNGAANIGKDNKVKATLDVVKDIATESTLYGIETYEKFPTALEDHFGGSQRATVLAAAAGVATALATANANAGLSGWYLSMYLHKEAWGRLGFFGYDLQDQCGATNVLSYQGDEGLPDELRGPNYPNYAM
A0A023W3H7_9EURY Unreviewed; 119 AA.,A0A023W3H7;,,SubName: Full=Methyl coenzyme M reductase subunit A ; Flags: Fragment;,Name=mcrA ;,uncultured Methanosarcina sp.,,Archaea; Euryarchaeota; Stenosarchaea group; Methanomicrobia; Methanosarcinales; Methanosarcinaceae; Methanosarcina; environmental samples.,,,,NUCLEOTIDE SEQUENCE. NUCLEOTIDE SEQUENCE.,,,,Lebuhn M.; Munk B.; Effenberger M.; Munk B.; Guebitz G.M.; Lebuhn M.;,"Agricultural Biogas Production in Germany - From Practice to Basics."; "Influence of nitrogen-rich substrates on biogas production and on the methanogenic community under mesophilic and thermophilic conditions.";,,,,DOMAIN 1..118 /note="MCR_alpha" /evidence="ECO:0000259|Pfam:PF02249" NON_TER 1 /evidence="ECO:0000313|EMBL:AHY24482.1" NON_TER 119 /evidence="ECO:0000313|EMBL:AHY24482.1",4: Predicted;,,SEQUENCE 119 AA; 12853 MW,TQYATAAYTDDILDNNTYYNVDYINDKYNGAAKVGKDNKIKATLEVVKDIATESTIYGIETYEKFPTALEDHFGGSQRATVLAAAAGVATALATGNANAGLSGWYLSMYLHKEAWGRLG
A0A2D3I2B9_9EURY Unreviewed; 163 AA.,A0A2D3I2B9;,,SubName: Full=Methyl coenzyme M reductase ; Flags: Fragment;,,uncultured euryarchaeote.,,Archaea; Euryarchaeota; environmental samples.,,,,NUCLEOTIDE SEQUENCE.,,,,Chen X.; Sun J.;,"The invasion of Spartina alterniflora change the community composition of methanogens in Chongming wetland.";,,,,DOMAIN 1..124 /note="MCR_alpha" /evidence="ECO:0000259|Pfam:PF02249" NON_TER 1 /evidence="ECO:0000313|EMBL:ATU81452.1" NON_TER 163 /evidence="ECO:0000313|EMBL:ATU81452.1",4: Predicted;,,SEQUENCE 163 AA; 17890 MW,GGVGFTQYATAAYTDNILDEYTYYGMDYLKDKYGFDYKNPDPKATIAPTQEVVNDLATEVNLNGMEQYEQYPTAMEDHFGGSQRAGVLAAACGLTCSIGTGNSNAGLNGWYLSMLMHKEGWSRLGFFGYDLQDQCGSANSLSMEPDRGLMGELRGPNYPNYAM
A0A2D3I2J3_9EURY Unreviewed; 163 AA.,A0A2D3I2J3;,,SubName: Full=Methyl coenzyme M reductase ; Flags: Fragment;,,uncultured euryarchaeote.,,Archaea; Euryarchaeota; environmental samples.,,,,NUCLEOTIDE SEQUENCE.,,,,Chen X.; Sun J.;,"The invasion of Spartina alterniflora change the community composition of methanogens in Chongming wetland.";,,,,DOMAIN 1..124 /note="MCR_alpha" /evidence="ECO:0000259|Pfam:PF02249" NON_TER 1 /evidence="ECO:0000313|EMBL:ATU81541.1" NON_TER 163 /evidence="ECO:0000313|EMBL:ATU81541.1",4: Predicted;,,SEQUENCE 163 AA; 17928 MW,GGVGFTQYATAAYTDNILDEYTYYGMDYIKDKYGVDYTNPDPAKLVKPTQEVVNDIASEVNLNAMEQYEQYPTMMEDHFGGSQRAGVMAAACGLSTSIATGNSNAGLNGWYLSMLMHKEGWSRLGFFGYDLQDQCGSANSLSMEPDRGLIGELRGPNYPNYAM
A0A410HWA9_9ARCH Unreviewed; 145 AA.,A0A410HWA9;,,SubName: Full=Methyl-coenzyme M reductase alpha subunit ; Flags: Fragment;,Name=mcrA ;,methanogenic archaeon enrichment culture.,,Archaea; environmental samples.,,,,NUCLEOTIDE SEQUENCE. NUCLEOTIDE SEQUENCE.,,,,Ji J.; Ji J.;,"Methanogenic biodegradation of C9-C12 in production water from low temperature petroleum reservoir-mcrA."; "Methanogenic biodegradation of C9-C12 in production water from low temperature petroleum reservoir.";,,,,DOMAIN 1..113 /note="MCR_alpha" /evidence="ECO:0000259|Pfam:PF02249" NON_TER 1 /evidence="ECO:0000313|EMBL:QAB43444.1" NON_TER 145 /evidence="ECO:0000313|EMBL:QAB43444.1",4: Predicted;,,SEQUENCE 145 AA; 16127 MW,AYTDNILDEFTYYGMDYIKDKYKVDWQNPNPNDKVKPTQEVVNDIATEVNLNGMEQYETYPTMLEDHFGGSQRASVLAAASGISTSIATGNSNAGLNGWYLSMLMHKEGWSRLGFFGYDLQDQCGSANTLSVRPDEGCIGEFRGP
A0A410HW44_9ARCH Unreviewed; 145 AA.,A0A410HW44;,,SubName: Full=Methyl-coenzyme M reductase alpha subunit ; Flags: Fragment;,Name=mcrA ;,methanogenic archaeon enrichment culture.,,Archaea; environmental samples.,,,,NUCLEOTIDE SEQUENCE. NUCLEOTIDE SEQUENCE. NUCLEOTIDE SEQUENCE.,,,,Ji J.; Ji J.; Ji J.;,"Methanogenic biodegradation of C16-C20 in production water from low temperature petroleum reservoir-mcrA."; "Methanogenic biodegradation of C9-C12 in production water from low temperature petroleum reservoir-mcrA."; "Methanogenic biodegradation of C9-C12 in production water from low temperature petroleum reservoir.";,,,,DOMAIN 2..113 /note="MCR_alpha" /evidence="ECO:0000259|Pfam:PF02249" NON_TER 1 /evidence="ECO:0000313|EMBL:QAB43508.1" NON_TER 145 /evidence="ECO:0000313|EMBL:QAB43508.1",4: Predicted;,,SEQUENCE 145 AA; 16179 MW,PYTDNILDEFTYYGMDYIKDKYKVDWQNPNAKDKVKPTQEVVNDIATEVNLNGMEQYEQYPTMMEDHFGGSQRAGVLAAACGLSTAIATGHSNAGLNGWYLSMLMHKEGWSRLGFFGYDLQDQCGSANTLSVRPDEGCIGEFRGP
A0A410HWU5_9ARCH Unreviewed; 137 AA.,A0A410HWU5;,,SubName: Full=Methyl-coenzyme M reductase alpha subunit ; Flags: Fragment;,Name=mcrA ;,methanogenic archaeon enrichment culture.,,Archaea; environmental samples.,,,,NUCLEOTIDE SEQUENCE. NUCLEOTIDE SEQUENCE.,,,,Ji J.; Ji J.;,"Control culture in production water from low temperature petroleum reservoir-mcrA."; "Methanogenic biodegradation of C9-C12 in production water from low temperature petroleum reservoir-mcrA.";,,,,DOMAIN 1..105 /note="MCR_alpha" /evidence="ECO:0000259|Pfam:PF02249" NON_TER 1 /evidence="ECO:0000313|EMBL:QAB43636.1" NON_TER 137 /evidence="ECO:0000313|EMBL:QAB43636.1",4: Predicted;,,SEQUENCE 137 AA; 14902 MW,AYTDNILDDFTYYGKEYVEDKYGLAEAPNTMDTVLDVASEVTFYGLEQYEDYPSLLETQFGGSQRAAVAAAAAGCSTGFATGNSQTALSGWYLSMYLHKEQHARLGFYGYDLQDQCGAANVFAIRGDEGLPLEARGA
A0A410HW51_9ARCH Unreviewed; 145 AA.,A0A410HW51;,,SubName: Full=Methyl-coenzyme M reductase alpha subunit ; Flags: Fragment;,Name=mcrA ;,methanogenic archaeon enrichment culture.,,Archaea; environmental samples.,,,,NUCLEOTIDE SEQUENCE.,,,,Ji J.;,"Methanogenic biodegradation of C9-C12 in production water from low temperature petroleum reservoir.";,,,,DOMAIN 1..113 /note="MCR_alpha" /evidence="ECO:0000259|Pfam:PF02249" NON_TER 1 /evidence="ECO:0000313|EMBL:QAB43513.1" NON_TER 145 /evidence="ECO:0000313|EMBL:QAB43513.1",4: Predicted;,,SEQUENCE 145 AA; 16181 MW,AYTDNILDEFTYYGMDYIKDKYKVDWQNPNPNDKVKPTQEVVNDIATEVNLNGMEQYEQYPTMMEDHFGGSQRAGVLAAACGLSTSIATGHSNAGLNGWYLSMLMHKEGWSRLGFFGYDLQDQCGSANTLSVRPDEGCIGEFRGP
A0A410HWB6_9ARCH Unreviewed; 145 AA.,A0A410HWB6;,,SubName: Full=Methyl-coenzyme M reductase alpha subunit ; Flags: Fragment;,Name=mcrA ;,methanogenic archaeon enrichment culture.,,Archaea; environmental samples.,,,,NUCLEOTIDE SEQUENCE.,,,,Ji J.;,"Methanogenic biodegradation of C13-C14 in production water from low temperature petroleum reservoir with iron oxide-mcrA.";,,,,DOMAIN 1..113 /note="MCR_alpha" /evidence="ECO:0000259|Pfam:PF02249" NON_TER 1 /evidence="ECO:0000313|EMBL:QAB43578.1" NON_TER 145 /evidence="ECO:0000313|EMBL:QAB43578.1",4: Predicted;,,SEQUENCE 145 AA; 16055 MW,AYTDNILDEYTYYGMDYIKDKYKVDWQNPNEKDRVKASQDVVNDIATEVALNGMEQYEQFPTLMEDHFGGSQRAGVLAAACGLSTSIATGNSNAGLNAWYLCMLLHKEGWSRLGFFGYDLQDQCGSTNSLSVRSDEGAVGELRGP
A0A410HW73_9ARCH Unreviewed; 145 AA.,A0A410HW73;,,SubName: Full=Methyl-coenzyme M reductase alpha subunit ; Flags: Fragment;,Name=mcrA ;,methanogenic archaeon enrichment culture.,,Archaea; environmental samples.,,,,NUCLEOTIDE SEQUENCE. NUCLEOTIDE SEQUENCE.,,,,Ji J.; Ji J.;,"Control culture in production water from low temperature petroleum reservoir-mcrA."; "Methanogenic biodegradation of C9-C12 in production water from low temperature petroleum reservoir.";,,,,DOMAIN 1..113 /note="MCR_alpha" /evidence="ECO:0000259|Pfam:PF02249" NON_TER 1 /evidence="ECO:0000313|EMBL:QAB43520.1" NON_TER 145 /evidence="ECO:0000313|EMBL:QAB43520.1",4: Predicted;,,SEQUENCE 145 AA; 16087 MW,AYTDNILDEFTYYGMDYARDKYKVDWKNPSPSDKVKPTQEIVNDLATEVTLNAMEQYEQFPTMMEDHFGGSQRAGVIAAASGLTTSITTGNSNAGLNGWYLSMLLHKDGWSRLGFFGYDLQDQCGSANSLSMESDRGLMGELRGP
A0A410HW79_9ARCH Unreviewed; 145 AA.,A0A410HW79;,,SubName: Full=Methyl-coenzyme M reductase alpha subunit ; Flags: Fragment;,Name=mcrA ;,methanogenic archaeon enrichment culture.,,Archaea; environmental samples.,,,,NUCLEOTIDE SEQUENCE.,,,,Ji J.;,"Methanogenic biodegradation of C9-C12 in production water from low temperature petroleum reservoir.";,,,,DOMAIN 1..113 /note="MCR_alpha" /evidence="ECO:0000259|Pfam:PF02249" NON_TER 1 /evidence="ECO:0000313|EMBL:QAB43543.1" NON_TER 145 /evidence="ECO:0000313|EMBL:QAB43543.1",4: Predicted;,,SEQUENCE 145 AA; 16183 MW,AYTDNILDEFTYYGMDYIKDKYKVDWQNPNAKDKVKPTQEIVNDIATEVNLNGMEQYEQYPTMMEDHFGGSQRAGVLAAACGLSTSIATGHSNAGLNGWYLSMLMHKEGWSRLGFFGYDLQDQCGSANTLSVRPDEGCIGEFRGP
A0A410HW83_9ARCH Unreviewed; 145 AA.,A0A410HW83;,,SubName: Full=Methyl-coenzyme M reductase alpha subunit ; Flags: Fragment;,Name=mcrA ;,methanogenic archaeon enrichment culture.,,Archaea; environmental samples.,,,,NUCLEOTIDE SEQUENCE. NUCLEOTIDE SEQUENCE. NUCLEOTIDE SEQUENCE.,,,,Ji J.; Ji J.; Ji J.;,"Methanogenic biodegradation of C13-C14 in production water from low temperature petroleum reservoir with iron oxide-mcrA."; "Methanogenic biodegradation of C9-C12 in production water from low temperature petroleum reservoir-mcrA."; "Methanogenic biodegradation of C9-C12 in production water from low temperature petroleum reservoir.";,,,,DOMAIN 1..113 /note="MCR_alpha" /evidence="ECO:0000259|Pfam:PF02249" NON_TER 1 /evidence="ECO:0000313|EMBL:QAB43548.1" NON_TER 145 /evidence="ECO:0000313|EMBL:QAB43548.1",4: Predicted;,,SEQUENCE 145 AA; 16152 MW,AYTDNILDEFTYYGMDYIKDKYKVDWQNPNPADKVKPTQEIVNDIATEVNLNGMEQYEQYPTMMEDHFGGSQRAGVLAAACGLSTSIATGHSNAGLNGWYLSMLMHKEGWSRLGFFGYDLQDQCGSANTLSVRPDEGCIGEFRGP
A0A410HWI3_9ARCH Unreviewed; 145 AA.,A0A410HWI3;,,SubName: Full=Methyl-coenzyme M reductase alpha subunit ; Flags: Fragment;,Name=mcrA ;,methanogenic archaeon enrichment culture.,,Archaea; environmental samples.,,,,NUCLEOTIDE SEQUENCE. NUCLEOTIDE SEQUENCE.,,,,Ji J.; Ji J.;,"Methanogenic biodegradation of C13-C14 in production water from low temperature petroleum reservoir with iron oxide-mcrA."; "Methanogenic biodegradation of C9-C12 in production water from low temperature petroleum reservoir-mcrA.";,,,,DOMAIN 2..113 /note="MCR_alpha" /evidence="ECO:0000259|Pfam:PF02249" NON_TER 1 /evidence="ECO:0000313|EMBL:QAB43437.1" NON_TER 145 /evidence="ECO:0000313|EMBL:QAB43437.1",4: Predicted;,,SEQUENCE 145 AA; 16193 MW,PYTDNILDEFTYYGMDYIKDKYKVDWQNPNAKDKVKPTQEIVNDIATEVNLNGMEQYEQYPTMMEDHFGGSQRAGVLAAACGLSTAIATGHSNAGLNGWYLSMLMHKEGWSRLGFFGYDLQDQCGSANTLSVRPDEGCIGEFRGP
Q9HH02_9EURY Unreviewed; 249 AA.,Q9HH02; Q7LYI8;,,SubName: Full=Transposase ;,,Pyrococcus furiosus.,,Archaea; Euryarchaeota; Thermococci; Thermococcales; Thermococcaceae; Pyrococcus.,,,,NUCLEOTIDE SEQUENCE. NUCLEOTIDE SEQUENCE.,,,,Diruggiero J.; Dunn D.; Maeder D.L.; Holley-Shanks R.; Chatard J.; Horlacher R.; Robb F.T.; Boos W.; Weiss R.B.; Dunn D.M.;,"Evidence of recent lateral gene transfer among hyperthermophilic archaea.";,,,,DOMAIN 97..203 /note="DDE_Tnp_IS240" /evidence="ECO:0000259|Pfam:PF13610",4: Predicted;,,SEQUENCE 249 AA; 29842 MW,MSGLSYWQYFRKRRGNMKSETIIYWVVSALKPFRRNKIPPEKKIRGVELYLRGLSYRQTARILKISHVTVWEAVQKLAEAVYKPKILAVKKQRNFIAVDETVIKINGKKRYLWAAIDVESKEVLAVWITTVRNWWVARDFILVVLKSCEGQPVFLVDRASWYKSAFKSLRLGYLHVTFGPRNSVERWFRTLKERTKRFWNNFRGKDWRRVHRFVFLFAFWYNFVRIHSSFGDPPGDVTEWLQEVMPQLS
A0A410HW62_9ARCH Unreviewed; 138 AA.,A0A410HW62;,,SubName: Full=Methyl-coenzyme M reductase alpha subunit ; Flags: Fragment;,Name=mcrA ;,methanogenic archaeon enrichment culture.,,Archaea; environmental samples.,,,,NUCLEOTIDE SEQUENCE. NUCLEOTIDE SEQUENCE.,,,,Ji J.; Ji J.;,"Control culture in production water from low temperature petroleum reservoir-mcrA."; "Methanogenic biodegradation of C9-C12 in production water from low temperature petroleum reservoir.";,,,,DOMAIN 1..106 /note="MCR_alpha" /evidence="ECO:0000259|Pfam:PF02249" NON_TER 1 /evidence="ECO:0000313|EMBL:QAB43522.1" NON_TER 138 /evidence="ECO:0000313|EMBL:QAB43522.1",4: Predicted;,,SEQUENCE 138 AA; 14903 MW,AYTNDVLDDFSYYGVDYANDKFGGFAKAPATIDVAKELATEVTLYGIEQYEAFPTLLEDHFGGSQRAAVLAAASGITSAIATGHSQIGLAGWYLSMLLHKEAWGRLGFFGYDLQDQCGPTNVFSYQSDEGNPLELRGA
A2TII8_9EURY Unreviewed; 158 AA.,A2TII8;,,SubName: Full=Methyl-coenzyme M reductase ; Flags: Fragment;,Name=mcrA ;,uncultured euryarchaeote.,,Archaea; Euryarchaeota; environmental samples.,,,,NUCLEOTIDE SEQUENCE.,,,,Smith J.M.; Green S.J.; Kelley C.A.; Prufert-Bebout L.; Bebout B.M.;,"Shifts in methanogen community structure and function associated with long-term manipulation of sulfate and salinity in a hypersaline microbial mat.";,,,,DOMAIN 1..120 /note="MCR_alpha" /evidence="ECO:0000259|Pfam:PF02249" REGION 137..158 /note="Disordered" /evidence="ECO:0000256|SAM:MobiDB-lite" NON_TER 1 /evidence="ECO:0000313|EMBL:ABM91314.1" NON_TER 158 /evidence="ECO:0000313|EMBL:ABM91314.1",4: Predicted;,,SEQUENCE 158 AA; 17497 MW,FTQYATAAYTDNILDEYTYYGMDYLKDKYGFDYTNPSPEQILKPTQEVVNDLATEVTINALEQYEQFPTLMEDHFGGSQRAGVTAAASGLTCSISTGNSNAGLNGWYLSMIVHKDAWSRLGFFGYDLQDQCGSANSLSMEPDRGAMGELRGPNYPNYA
A0A1V5IDZ3_9EURY Unreviewed; 133 AA.,A0A1V5IDZ3;,,SubName: Full=Uncharacterized protein ;,ORFNames=BWY93_01842 ;,Euryarchaeota archaeon ADurb.BinA087.,,Archaea; Euryarchaeota.,,,,NUCLEOTIDE SEQUENCE [LARGE SCALE GENOMIC DNA].,STRAIN=ADurb.BinA087 ;,,,Nobu M.K.; Mei R.; Narihiro T.; Kuroda K.; Liu W.-T.;,"Delving into the versatile metabolic prowess of the omnipresent phylum Bacteroidetes.";,, .,,,4: Predicted;,,SEQUENCE 133 AA; 15003 MW,MQGSPEGRSSAFDSSVISSTSRYRSSQSRVLLSIIFSSLFFSAFRHRYWGCDKVTSMERKKKSSGTWRVWLSWMRTRELGTTSPVSYLEIAIALIPISFPSCRWLSPALIRASLTRSPMLTCCAIGTKFTDTL
A0A1V5IJ68_9EURY Unreviewed; 57 AA.,A0A1V5IJ68;,,SubName: Full=Uncharacterized protein ;,ORFNames=BWY93_00674 ;,Euryarchaeota archaeon ADurb.BinA087.,,Archaea; Euryarchaeota.,,,,NUCLEOTIDE SEQUENCE [LARGE SCALE GENOMIC DNA].,STRAIN=ADurb.BinA087 ;,,,Nobu M.K.; Mei R.; Narihiro T.; Kuroda K.; Liu W.-T.;,"Delving into the versatile metabolic prowess of the omnipresent phylum Bacteroidetes.";,, .,,,4: Predicted;,,SEQUENCE 57 AA; 6539 MW,MAARVAGMQERNTMEQLVVTREAVEAYERRTGFVGIGEFFLRKGLFVLKEGETCRKK
A0A410HWW4_9ARCH Unreviewed; 137 AA.,A0A410HWW4;,,SubName: Full=Methyl-coenzyme M reductase alpha subunit ; Flags: Fragment;,Name=mcrA ;,methanogenic archaeon enrichment culture.,,Archaea; environmental samples.,,,,NUCLEOTIDE SEQUENCE.,,,,Ji J.;,"Control culture in production water from low temperature petroleum reservoir-mcrA.";,,,,DOMAIN 2..105 /note="MCR_alpha" /evidence="ECO:0000259|Pfam:PF02249" NON_TER 1 /evidence="ECO:0000313|EMBL:QAB43599.1" NON_TER 137 /evidence="ECO:0000313|EMBL:QAB43599.1",4: Predicted;,,SEQUENCE 137 AA; 14928 MW,PYTDNILDDFTYYGKEYVEDKYGLAEAPNTMDTVLDVASEVTFYGLEQYEDYPSLLETQFGGSQRAAVAAAAAGCSTGFATGNSQTALSGWYLSMYLHKEQHARLGFYGYDLQDQCGAANVFAIRGDEGLPLEARGA
G4XNQ2_9EURY Unreviewed; 153 AA.,G4XNQ2;,,SubName: Full=Methyl-coenzyme M reductase alpha ; Flags: Fragment;,Name=mcrA ;,uncultured euryarchaeote.,,Archaea; Euryarchaeota; environmental samples.,,,,NUCLEOTIDE SEQUENCE.,STRAIN=DGGE gel band 2LSIH7 ;,,,Garcia-Maldonado J.Q.; Lopez-Cortes A.;,"Methane production in hypersaline environments: Microbial diversity; structure; and function of the methanogenic community.";,,,,DOMAIN 1..118 /note="MCR_alpha" /evidence="ECO:0000259|Pfam:PF02249" NON_TER 1 /evidence="ECO:0000313|EMBL:AEQ26061.1" NON_TER 153 /evidence="ECO:0000313|EMBL:AEQ26061.1",4: Predicted;,,SEQUENCE 153 AA; 16631 MW,TQYATAAYTNNILDDNLYYNIDYINDKYDGAANTGVDNKVEASMDVIKDITTESTIYGLENYEKYPTTLEDHFGGSQRATSLSAAAGSAASIATGNGNAGLSSWYLCMYLHKEAHGRLGFFGYDLQDQCGATNVFSFQSDEGAPVELRGPNYP
C5IL69_9EURY Unreviewed; 254 AA.,C5IL69;,,RecName: Full=Coenzyme-B sulfoethylthiotransferase ; Flags: Fragment;,Name=mcrA ;,uncultured euryarchaeote.,,Archaea; Euryarchaeota; environmental samples.,,,,NUCLEOTIDE SEQUENCE.,STRAIN=DGGE gel band mcrA_90m_p2_2_TypeA ;,,,Buergmann H.; Schmid M.; Kessler J.; Pack M.; Reeburgh B.; Schubert C.; Vazquez F.; Buergmann H.;,"Methane sources and sinks in Lake Kivu.";,,-!- CATALYTIC ACTIVITY: Reaction=coenzyme B + methyl-coenzyme M = coenzyme M-coenzyme B heterodisulfide + methane; Xref=Rhea:RHEA:12532; ChEBI:CHEBI:16183; ChEBI:CHEBI:58286; ChEBI:CHEBI:58411; ChEBI:CHEBI:58596; EC=2.8.4.1; Evidence= .,,DOMAIN 1..41 /note="MCR_alpha_N" /evidence="ECO:0000259|Pfam:PF02745" DOMAIN 89..215 /note="MCR_alpha" /evidence="ECO:0000259|Pfam:PF02249" NON_TER 1 /evidence="ECO:0000313|EMBL:ACR61597.1" NON_TER 254 /evidence="ECO:0000313|EMBL:ACR61597.1",3: Inferred from homology;,Metal-binding .,SEQUENCE 254 AA; 27450 MW,AMQIGMSFIGAYKMCAGEAAVADLAFTAKHAGMVEMATTLPARRARGPNEPGGIKFGHFADMIQSDRKYPNDPVRSSLEIVAGGCMLFDQIWLGSYMSGGVGFTQYATAAYTDNILDDYTSYGVDYVKKKYGDLSKVKATQETVNDIASEVTLYGMEQYEEFPTALESHFGGSQRATVLAAASGVTTSLATANSNAGLNAWYMSMLLHKEGWSRLGFYGFDLQDQCGSANTLSIRPDEGCIGELRGPNYPNYAM
A2TI15_9EURY Unreviewed; 157 AA.,A2TI15;,,SubName: Full=Methyl-coenzyme M reductase ; Flags: Fragment;,Name=mcrA ;,uncultured euryarchaeote.,,Archaea; Euryarchaeota; environmental samples.,,,,NUCLEOTIDE SEQUENCE.,,,,Smith J.M.; Green S.J.; Kelley C.A.; Prufert-Bebout L.; Bebout B.M.;,"Shifts in methanogen community structure and function associated with long-term manipulation of sulfate and salinity in a hypersaline microbial mat.";,,,,DOMAIN 1..119 /note="MCR_alpha" /evidence="ECO:0000259|Pfam:PF02249" NON_TER 1 /evidence="ECO:0000313|EMBL:ABM91141.1" NON_TER 157 /evidence="ECO:0000313|EMBL:ABM91141.1",4: Predicted;,,SEQUENCE 157 AA; 17043 MW,FTQYATAAYCNNILDDNLYYNVDYINDKYDGAANKGVDYKVTASLDVVKDIATESTIYGIENYEKYPTTLEDHFGGSQRGTSLSAAAGSAVAIATGNGNAGLSGWYLCMYVHKEALGRLGFFGYDLQDQCGATNVLSYQSDEGLALELRGPNYPNYA
A0A2D3I2F1_9EURY Unreviewed; 163 AA.,A0A2D3I2F1;,,SubName: Full=Methyl coenzyme M reductase ; Flags: Fragment;,,uncultured euryarchaeote.,,Archaea; Euryarchaeota; environmental samples.,,,,NUCLEOTIDE SEQUENCE.,,,,Chen X.; Sun J.;,"The invasion of Spartina alterniflora change the community composition of methanogens in Chongming wetland.";,,,,DOMAIN 1..124 /note="MCR_alpha" /evidence="ECO:0000259|Pfam:PF02249" NON_TER 1 /evidence="ECO:0000313|EMBL:ATU81449.1" NON_TER 163 /evidence="ECO:0000313|EMBL:ATU81449.1",4: Predicted;,,SEQUENCE 163 AA; 18063 MW,GGVGFTQYATAAYTDNILDEYTYYGMDYLKDKYNFDYTNPDPAQSIKPTQEIVNDLTTEVNLNAMEQYEQYPTLMEDHFGGSQRAGVMAAACGLTCSIGTGNSNAGLNGWYLSMLMHKEGWSRLGFFGYDLQDQCGSANSLSMEPDRGLIGELRGPNYPNYAM
